-- --------------------------------------------------------
-- 호스트:                          loverman85.cafe24.com
-- 서버 버전:                        5.5.17-log - MySQL Community Server (GPL)
-- 서버 OS:                        Linux
-- HeidiSQL 버전:                  8.0.0.4396
-- --------------------------------------------------------

/*!40101 SET @OLD_CHARACTER_SET_CLIENT=@@CHARACTER_SET_CLIENT */;
/*!40101 SET NAMES utf8 */;
/*!40014 SET @OLD_FOREIGN_KEY_CHECKS=@@FOREIGN_KEY_CHECKS, FOREIGN_KEY_CHECKS=0 */;
/*!40101 SET @OLD_SQL_MODE=@@SQL_MODE, SQL_MODE='NO_AUTO_VALUE_ON_ZERO' */;

-- loverman85 의 데이터베이스 구조 덤핑
CREATE DATABASE IF NOT EXISTS `loverman85` /*!40100 DEFAULT CHARACTER SET utf8 */;
USE `loverman85`;


-- 테이블 loverman85의 구조를 덤프합니다. go_chart
CREATE TABLE IF NOT EXISTS `go_chart` (
  `GO_CHART_CODE` varchar(100) NOT NULL COMMENT '차트코드',
  `GO_CITIZEN_ID` varchar(14) NOT NULL COMMENT '국민ID',
  `GO_HOSPITAL_ID` varchar(10) NOT NULL COMMENT '병원ID',
  `GO_CHART_REGISTRATION_DATE` datetime NOT NULL COMMENT '차트등록일자',
  `GO_CHART_GO_REGISTRATION_DATE` datetime NOT NULL COMMENT '정부DB등록일자',
  PRIMARY KEY (`GO_CHART_CODE`),
  KEY `FK_go_citizen_TO_go_chart` (`GO_CITIZEN_ID`),
  KEY `FK_go_hospital_TO_go_chart` (`GO_HOSPITAL_ID`)
) ENGINE=MyISAM DEFAULT CHARSET=utf8 COMMENT='차트관리';

-- Dumping data for table loverman85.go_chart: 2 rows
/*!40000 ALTER TABLE `go_chart` DISABLE KEYS */;
/*!40000 ALTER TABLE `go_chart` ENABLE KEYS */;


-- 테이블 loverman85의 구조를 덤프합니다. go_citizen
CREATE TABLE IF NOT EXISTS `go_citizen` (
  `GO_CITIZEN_ID` varchar(14) NOT NULL COMMENT '주민번호',
  `GO_CITIZEN_PW` varchar(10) NOT NULL COMMENT '국민PW',
  `GO_CITIZEN_NAME` varchar(10) NOT NULL COMMENT '국민이름',
  `GO_CITIZEN_PHONE` varchar(20) NOT NULL COMMENT '연락처',
  `GO_CITIZEN_ZIP_CODE` varchar(10) NOT NULL COMMENT '우편번호',
  `GO_CITIZEN_ADDRESS` varchar(30) NOT NULL COMMENT '주소',
  `GO_CITIZEN_DETAIL_ADDRESS` varchar(50) NOT NULL COMMENT '상세주소',
  PRIMARY KEY (`GO_CITIZEN_ID`)
) ENGINE=MyISAM DEFAULT CHARSET=utf8 COMMENT='국민관리';

-- Dumping data for table loverman85.go_citizen: 12 rows
/*!40000 ALTER TABLE `go_citizen` DISABLE KEYS */;
INSERT INTO `go_citizen` (`GO_CITIZEN_ID`, `GO_CITIZEN_PW`, `GO_CITIZEN_NAME`, `GO_CITIZEN_PHONE`, `GO_CITIZEN_ZIP_CODE`, `GO_CITIZEN_ADDRESS`, `GO_CITIZEN_DETAIL_ADDRESS`) VALUES
	('900101-1000001', 'pw001', '도우너', '010-7777-7785', '338-165', '명주1길', '10'),
	('900101-1000002', 'pw002', '최순이', '010-7777-7781', '123-456', '기린로 52', '385-53'),
	('900101-1000003', 'pw003', '김의진', '010-7777-7782', '338-162', '명주1길', '15'),
	('900101-1000004', 'pw004', '둘리', '010-7777-7783', '338-163', '명주2길', '35'),
	('900101-1000005', 'pw005', '또치', '010-7777-7784', '338-164', '명주1길', '21'),
	('900101-2000001', 'pw001', '홍길동', '010-2345-6789', '123-456', '기린로 21', '385-13'),
	('900101-2000002', 'pw002', '고길동', '010-2345-6789', '123-456', '기린로 22', '385-23'),
	('900101-2000003', 'pw003', '김길동', '010-7777-7779', '123-456', '기린로 32', '385-33'),
	('900101-2000004', 'pw004', '김순이', '010-7777-7780', '123-456', '기린로 42', '385-43'),
	('900101-2000005', 'pw005', '마이콜', '010-7777-7786', '338-166', '명주2길', '22'),
	('900101-1000006', 'pw006', '아서스', '010-4544-7784', '338-165', '명주3길', '23'),
	('900101-2000006', 'pw006', '제이나', '010-4242-7786', '338-167', '명주3길', '23');
/*!40000 ALTER TABLE `go_citizen` ENABLE KEYS */;


-- 테이블 loverman85의 구조를 덤프합니다. go_diagnosis
CREATE TABLE IF NOT EXISTS `go_diagnosis` (
  `GO_DIAGNOSIS_CODE` varchar(100) NOT NULL COMMENT '진단코드',
  `GO_TREAT_CODE` varchar(100) NOT NULL COMMENT '진료코드',
  `GO_DISEASE_CODE` varchar(100) NOT NULL COMMENT '질병코드',
  `GO_DIAGNOSIS_WRITE_DATE` datetime NOT NULL COMMENT '진단작성일',
  `GO_DIAGNOSIS_GO_REGISTRATION_DATE` datetime NOT NULL COMMENT '정부DB등록일자',
  PRIMARY KEY (`GO_DIAGNOSIS_CODE`),
  KEY `FK_go_treat_TO_go_diagnosis` (`GO_TREAT_CODE`),
  KEY `FK_go_disease_TO_go_diagnosis` (`GO_DISEASE_CODE`)
) ENGINE=MyISAM DEFAULT CHARSET=utf8 COMMENT='진단';

-- Dumping data for table loverman85.go_diagnosis: 2 rows
/*!40000 ALTER TABLE `go_diagnosis` DISABLE KEYS */;
/*!40000 ALTER TABLE `go_diagnosis` ENABLE KEYS */;


-- 테이블 loverman85의 구조를 덤프합니다. go_disease
CREATE TABLE IF NOT EXISTS `go_disease` (
  `GO_DISEASE_CODE` varchar(50) NOT NULL COMMENT '질병코드',
  `GO_DISEASE_KOR` varchar(500) NOT NULL COMMENT '질병명(한글)',
  `GO_DISEASE_ENG` varchar(500) NOT NULL COMMENT '질병명(영문)',
  PRIMARY KEY (`GO_DISEASE_CODE`)
) ENGINE=MyISAM DEFAULT CHARSET=utf8 COMMENT='질병';

-- Dumping data for table loverman85.go_disease: 497 rows
/*!40000 ALTER TABLE `go_disease` DISABLE KEYS */;
INSERT INTO `go_disease` (`GO_DISEASE_CODE`, `GO_DISEASE_KOR`, `GO_DISEASE_ENG`) VALUES
	('A00', '콜레라', 'CHOLERA'),
	('A000', '비브리오 콜레리 01 전형균에 의한 콜레라', 'CHOLERA DUE TO VIBRIO CHOLEA 01 BIOVARCHOLERAE'),
	('A001', '비브리오 콜레리 01 엘토르형균에 의한 콜레라', 'CHOLERA DUE TO VIBRIO CHOLERAE 01, BIOVAR ELTOR'),
	('A009', '상세불명의 콜레라', 'CHOLERA, UNSPECIFIED'),
	('A01', '장티푸스 및 파라장티푸스', 'TYPHOID AND PARATYPHOID FEVERS'),
	('A010', '장티푸스', 'TYPHOID FEVER'),
	('A011', '파라장티푸스 A', 'PARATYPHOID FEVER) A'),
	('A012', '파라장티푸스 B', 'PARATYPHOID FEVER) B'),
	('A013', '파라장티푸스 C', 'PARATYPHOID FEVER) C'),
	('A014', '상세불명의 파라장티푸스', 'PARATYPHOID FEVER, UNSPECIFIED'),
	('A02', '기타 살모넬라 감염', 'OTHER SALMONELLA INFECTIONS'),
	('A020', '살모넬라 장염', 'SALMONELLA ENTERITIS'),
	('A021', '살모넬라 패혈증', 'SALMONELLA SEPTICAEMIA'),
	('A022', '국소성 살모넬라 감염', 'LOCALIZED SALMONELLA INFECTIONS'),
	('A028', '기타 명시된 살모넬라 감염', 'OTHER SPECIFIED SALMONELLA INFECTIONS'),
	('A029', '상세불명의 살모넬라 감염', 'SALMONELLA INFECTION, UNSPECIFIED'),
	('A03', '시겔라증', 'SHIGELLOSIS'),
	('A030', '시겔라 디센테리균에 의한 시겔라증', 'SHIGELLOSIS DUE TO SHIGELLA DYSENTERIAE'),
	('A031', '시겔라 플렉스너리균에 의한 시겔라증', 'SHIGELLOSIS DUE TO SHIGELLA FLEXNERI'),
	('A032', '시겔라 보이디균에 의한 시겔라증', 'SHIGELLOSIS DUE TO SHIGELLA BOYDII'),
	('A033', '시겔라 소네이에 의한 시겔라증', 'SHIGELLOSIS DUE TO SHIGELLA SONNEI'),
	('A038', '기타 시겔라증', 'OTHER SHIGELLOSIS'),
	('A039', '상세불명의 시겔라증', 'SHIGELLOSIS, UNSPECIFIED'),
	('A04', '기타 세균성 장관 감염', 'OTHER BACTERIAL INTESTINAL INFECTIONS'),
	('A040', '장 병원성 대장균 감염', 'ENTEROPATHOGENIC ESCHERICHIA COLI INFECTION'),
	('A041', '장 독소생산 대장균 감염', 'ENTEROTOXIGENIC ESCHERICHIA COLI INFECTION'),
	('A042', '장 침투성 대장균 감염', 'ENTEROINVASIVE ESCHERICHIA COLI INFECTION'),
	('A043', '장 출혈성 대장균 감염', 'ENTEROHAEMORRAGIC ESCHERICHIA COLI INFECTION'),
	('A044', '기타 장관 대장균 감염', 'OTHER INTESTINAL ESCHERICHIA COLI INFECTION'),
	('A045', '캄필로박터 장염', 'CAMPYLOBACTER ENTERITIS'),
	('A046', '예르시니아 엔테로콜리티카균에 의한 장염', 'ENTERITIS DUE TO YERSINIA ENTEROCOLITICA'),
	('A047', '클로스트리듐 디피실리균에 의한 장염', 'ENTERITIS DUE TO CLOSTRIDIUM DIFFICILE'),
	('A048', '기타 명시된 세균성 장관 감염', 'OTHER SPECIFIED BACTERIAL INTESTINAL INFECTIONS'),
	('A049', '상세불명의 세균성 장관 감염', 'BACTERIAL INTESTINAL INFECTION, UNSPECIFIED'),
	('A05', '기타 세균성 식중독', 'OTHER BACTERIAL FOODBOME INTOXICATIONS'),
	('A050', '포도구균성 식중독', 'FOODBORNE STAPHYLOCOCCAL INTOXICATION'),
	('A051', '보툴리누스 중독', 'BOTULISM'),
	('A052', '클로스트리디움 퍼프린젠스 (클로스트리디움 웰치)균에 의한 식중독', 'FOODBORNE CLOSTRIDIUM PERFRINGENS (CLOSTRIDIUM WELCHII) INTOXICATION'),
	('A053', '장염 비브리오에 의한 식중독', 'FOODBORNE VIBRIO PARAHAEMOLYTICUS INTOXICATION'),
	('A054', '바실러스 세레우스균에 의한 식중독', 'FOODBORNE BACILLUS CEREUS INTOXICATION'),
	('A058', '기타 명시된 세균성 식중독', 'OTHER SPECIFIED BACTERIAL FOODBORNE INTOXICATIONS'),
	('A059', '상세불명의 세균성 식중독', 'BACTERIAL FOODBORNE INTOXICATION, UNSPECIFIED'),
	('A06', '아메바증', 'AMOEBIASIS'),
	('A060', '급성 아메바성 이질', 'ACUTE AMOEBIC DYSENTERY'),
	('A061', '만성 장관 아메바증', 'CHRONIC INTESTINAL AMOEBIASIS'),
	('A062', '아메바성 비이질성 대장염', 'AMOEBIC NONDYSENTERIC COLITIS'),
	('A063', '장의 아메바종', 'AMOEBOMA OF INTESTINE'),
	('A064', '아메바성 간 농양', 'AMOEBIC LIVER ABSCESS'),
	('A065', '아메바성 폐 농양', 'AMOEBIC LUNG ABSCESS) (J99.8*'),
	('A066', '아메바성 뇌 농양', 'AMOEBIC BRAIN ABSCESS) (G07*'),
	('A067', '피부 아메바증', 'CUTANEOUS AMOEBIASIS'),
	('A068', '기타 부위의 아메바성 감염', 'AMOEBIC INFECTION OF OTHER SITES'),
	('A069', '상세불명의 아메바증', 'AMOEBIASIS, UNSPECIFIED'),
	('A07', '기타 원충성 장관 질환', 'OTHER PROTOZOAL INTESTINAL DISEASES'),
	('A070', '발란티디움증', 'BALANTIDIASIS'),
	('A071', '편모충증 (람블편모충증)', 'GIARDIASIS (LAMBLIASIS)'),
	('A072', '크립토스포리디움증', 'CRYPTOSPORIDIOSIS'),
	('A073', '이소스포라증', 'ISOSPORIASIS'),
	('A078', '기타 명시된 원충성 장관 질환', 'OTHER SPECIFIED PROTOZOAL INTESTINAL DISEASES'),
	('A079', '상세불명의 원충성 장관 질환', 'PROTOZOAL INTESTINAL DISEASE, UNSPECIFIED'),
	('A08', '바이러스 및 기타 명시된 장관 감염', 'VIRAL AND OTHER SPECIFIED INTESTINAL INFECTIONS'),
	('A080', '로타바이러스 장염', 'ROTAVIRAL ENTERITIS'),
	('A081', '노르월크 병원체에 의한 급성 위장관병증', 'ACUTE GASTROENTEROPATHY DUE TO NORWALK AGENT'),
	('A082', '아데노바이러스 장염', 'ADENOVIRAL ENTERITIS'),
	('A083', '기타 바이러스 장염', 'OTHER VIRAL ENTERITIS'),
	('A084', '상세불명의 바이러스 장관 감염', 'VIRAL INTESTINAL INFECTION, UNSPECIFIED'),
	('A085', '기타 명시된 장관 감염', 'OTHER SPECIFIED INTESTINAL INFECTIONS'),
	('A09', '감염성 기원으로 추정되는 설사 및 위장염', 'DIARRHOEA AND GASTROENTERITIS OF PRESUMED INFECTIOUS ORIGIN'),
	('A15', '세균학적 및 조직학적으로 확인된 호흡기 결핵', 'RESPIRATORY TUBERCULOSIS, BACTERIOLOGICALLY AND HISTOLOICALLY CONFIRMED'),
	('A150', '배양 유무에 관계없이 객담 현미경 검사로 확인된 폐결핵', 'TUBERCULOSIS OF LUNG, CONFIRMED BY SPUTUM MICROSCOPY WITH OR WITHOUT CULTURE'),
	('A151', '배양만으로 확인된 폐결핵', 'TUBERCULOSIS OF LUNG, CONFIRMED BY CULTURE ONLY'),
	('A152', '조직학적으로 확인된 폐결핵', 'TUBERCULOSIS OF LUNG, CONFIRMED HISTOLOGICALLY'),
	('A153', '상세불명의 방법으로 확인된 폐결핵', 'TUBERCULOSIS OF LUNG, CONFIRMED BY UNSPECIFIED MEANS'),
	('A154', '세균학적 및 조직학적으로 확인된 흉곽내 림프절의 결핵', 'TUBERCULOSIS OF INTRATHORACIC LYMPH NODES, CONFIRMED BACTERIOLOGICALLY AND HISTOLOGICALLY'),
	('A155', '세균학적 및 조직학적으로 확인된 후두, 기관 및 기관지의 결핵', 'TUBERCULOSIS OF LARYNX, TRACHEA AND BRONCHUS, CONFIRMED BACTERIOLOGICALLY AND HISTOLOGICALLY'),
	('A156', '세균학적 및 조직학적으로 확인된 결핵성 흉막염', 'TUBERCULOUS PLEURISY, CONFIRMED BACTERIOLOGICALLY AND HISTOLOGICALLY'),
	('A157', '세균학적 및 조직학적으로 확인된 초기 호흡기 결핵', 'PRIMARY RESPIRATORY TUBERCULOSIS, CONFIRMED BACTERIOLOGICALLY AND HISTOLOGICALLY'),
	('A158', '세균학적 및 조직학적으로 확인된 기타 호흡기 결핵', 'OTHER RESPIRATORY TUBERCULOSIS, CONFIRMED BACTERIOLOGICALLY AND HISTOLOGICALLY'),
	('A159', '세균학적 및 조직학적으로 확인된 상세불명의 호흡기 결핵', 'RESPIRATORY TUBERCULOSIS UNSPECIFIED, CONFIRMED BACTERIOLOGICALLY AND HISTOLOGICALLY'),
	('A16', '세균학적 또는 조직학적으로 확인되지 않은 호흡기 결핵', 'RESPIRATORY TUBERCULOSIS, NOT CONFIRMED BACTERIOLOGICALLY OR HISTOLOGICALLY'),
	('A160', '세균학적 및 조직학적으로 음성인 폐결핵', 'TUBERCULOSIS OF LUNG, BACTERIOLOGICALLY AND HISTOLOGICALLY NEGATIVE'),
	('A161', '세균학적 및 조직학적 검사를 하지 않은 폐결핵', 'TUBERCULOSIS OF LUNG, BACTERIOLOGICAL AND HISTOLOGICAL EXAMINATION NOT DONE'),
	('A985', '신증후군을 동반한 출혈열', 'HAEMORRHAGIC FEVER WITH RENAL SYNDROME'),
	('A988', '기타 명시된 바이러스 출혈열', 'OTHER SPECIFIED VIRAL HAEMORRHAGIC FEVERS'),
	('A99', '상세불명의 바이러스 출혈열', 'UNSPECIFIED VIRAL HAEMORRHAGIC FEVER'),
	('B00', '헤르페스바이러스 (단순포진) 감염', 'HERPESVIRAL (HERPES SIMPLEX) INFECTIONS'),
	('B000', '포진성 습진', 'ECZEMA HERPETICUM'),
	('B001', '헤르페스바이러스 소수포성 피부염', 'HERPESVIRAL VESICULAR DERMATITIS'),
	('B002', '헤르페스바이러스 치은구내염 및 인두편도염', 'HERPESVIRAL GINGIVOSTOMATITIS AND PHARYNGOTONSILLITIS'),
	('B972', '다른 장에서 분류된 질환의 원인으로서의 코로나바이러스', 'CORONAVIRUS AS THE CAUSE OF DISEASES CLASSIFIED TO OTHER CHAPTERS'),
	('B973', '다른 장에서 분류된 질환의 원인으로서의 레트로바이러스', 'RETROVIRUS AS THE CAUSE OF DISEASES CLASSIFIED TO OTHER CHAPTERS'),
	('B974', '다른 장에서 분류된 질환의 원인으로서의 호흡기 신시티아 바이러스', 'RESPIRATORY SYNCYTIAL VIRUS AS THE CAUSE OF DISEASES CLASSIFIED TO OTHER CHAPTERS'),
	('B975', '다른 장에서 분류된 질환의 원인으로서의 레오바이러스', 'REOVIRUS AS THE CAUSE OF DISEASES CLASSIFIED TO OTHER CHAPTERS'),
	('B976', '다른 장에서 분류된 질환의 원인으로서의 파르보바이러스', 'PARVOVIRUS AS THE CAUSE OF DISEASES CLASSIFIED TO OTHER CHAPTERS'),
	('B977', '다른 장에서 분류된 질환의 원인으로서의 유두종바이러스', 'PAPILLOMAVIRUS AS THE CAUSE OF DISEASES CLASSIFIED TO OTHER CHAPTERS'),
	('B978', '기타 다른 장에서 분류된 질환의 원인으로서의 바이러스 감염원', 'OTHER VIRAL AGENTS AS THE CAUSE OF DISEASES CLASSIFIED TO OTHER CHAPTERS'),
	('B99', '기타 및 상세불명의 감염성 질환', 'OTHER AND UNSPECIFIED INFECTIOUS DISEASES'),
	('C00', '입술의 악성신생물', 'MALIGNANT NEOPLASM OF LIP'),
	('C000', '외부 상순의 악성 신생물', 'EXTERNAL OF LIP'),
	('C001', '외부 하순의 악성 신생물', 'EXTERNAL LOWER LIP'),
	('C002', '상세불명 외부 입술의 악성 신생물', 'EXTERNAL LIP, UNSPECIFIED'),
	('C003', '상순, 내측의 악성 신생물', 'UPPER LIP, INNER ASPECT'),
	('C004', '하순, 내측의 악성 신생물', 'LOWER LIP, INNER ASPECT'),
	('C005', '상세불명 내측 입술의 악성 신생물', 'LIP, UNSPECIFIED, INNER ASPECT'),
	('C006', '구순교련의 악성 신생물', 'COMMISSURE OF LIP'),
	('C008', '입술의 악성 신생물의 중복병소', 'OVERLAPPING LESION OF LIP)     s'),
	('C952', '상세불명 세포형의 아급성 백혈병', 'SUBACUTE LEUKAEMIA OF UNSPECIFIED CELL TYPE'),
	('C957', '상세불명 세포형의 기타 백혈병', 'OTHER LEUKAEMIA OF UNSPECIFIED CELL TYPE'),
	('C959', '상세불명 백혈병', 'LEUKAEMIA, UNSPECIFIED'),
	('C96', '림프, 조혈 및 관련 조직의 기타 및 상세불명의 악성신생물', 'OTHER AND UNSPECIFIED MALIGNANT NEOPLASM OF LYMPHOID, HAEMATOPOIETIC AND RELATED TISSUE'),
	('C960', '렛테러-시웨병', 'LETTERER-SIWE DISEASE'),
	('C961', '악성 조직구증', 'MALIGNANT HISTIOCYTOSIS'),
	('C962', '악성 비만세포 종양', 'MALIGNANT MAST CELL TUMOUR'),
	('C963', '진성 조직구성 림프종', 'TRUE HISTIOCYTIC LYMPHOMA'),
	('C967', '기타 명시된 림프, 조혈 및 관련 조직의 악성 신생물', 'OTHER SPECIFIED MALIGNANT NEOPLASMS OF LYMPHOID, HAEMATOPOIETIC AND RELATED TISSUE'),
	('C969', '상세불명의 림프, 조혈 및 관련 조직의 악성 신생물', 'MALIGNANT NEOPLASM OF LYMPHOID, HAEMATOPOIETIC AND RELATED TISSUE, UNSPECIFIED'),
	('C97', '독립된(원발성) 다발성 부위의 악성 신생물', 'MALIGNANT NEOPLASMS OF INDEPENDENT (PRIMARY) MULTIPLE SITES'),
	('D00', '구강,식도 및 위의 상피내 암종', 'CARCINOMA IN SITU OF ORAL CAVITY, OESOPHAGUS AND STOMACH'),
	('D000', '입술, 구강 및 인두의 상피내 암종', 'LIP, ORAL CAVITY AND PHARYNX'),
	('D001', '식도의 상피내 암종', 'OESOPHAGUS)'),
	('D002', '위의 상피내 암종', 'STOMACH'),
	('D01', '기타 및 상세불명의 소화기관의 상피내 암종', 'CARCINOMA IN SITU OF OTHER AND UNSPECIFIED DIGESTIVE ORGANS'),
	('D010', '결장의 상피내 암종', 'COLON'),
	('D011', '직장S상결장 접합부의 상피내 암종', 'RECTOSIGMOID JUNCTION'),
	('D012', '직장의 상피내 암종', 'RECTUM'),
	('D013', '항문 및 항문관의 상피내 암종', 'ANUS AND ANAL CANAL'),
	('D014', '기타 및 상세불명 부위의 장관의 상피내 암종', 'OTHER AND UNSPECIFIED PARTS OF INTESTINE'),
	('D015', '간, 담낭 및 담관의 상피내 암종', 'LIVER, GALLBLADDER AND BILE DUCTS'),
	('D017', '기타 명시된 소화기관의 상피내 암종', 'OTHER SPECIFIED DIGESTIVE ORGANS'),
	('D019', '상세불명의 소화기관의 상피내 암종', 'DIGESTIVE ORGAN, UNSPECIFIED'),
	('D02', '중이 및 호흡기계의 상피내 암종', 'CARCINOMA IN SITU OF MIDDLE EAR AND RESPIRATORY SYSTEM'),
	('D020', '후두의 상피내 암종', 'LARYNX'),
	('D440', '갑상선의 행동양식 불명 또는 미상의 신생물', 'THYROID GLAND'),
	('D441', '부신의 행동양식 불명 또는 미상의 신생물', 'ADRENAL GLAND'),
	('D442', '부갑상선의 행동양식 불명 또는 미상의 신생물', 'PARATHYROID GLAND'),
	('C85', '기타 및 상세불명 형의 비호지킨 림프종', 'OTHER AND UNSPECIFIED TYPES OF NON-HODGKIN\'S LYMPHOMA'),
	('C850', '림프육종', 'LYMPHOSARCOMA'),
	('C851', '상세불명의 B-세포 림프종', 'B-CELL LYMPHOMA, UNSPECIFIED'),
	('C857', '기타 명시된 형의 비호지킨 림프종', 'OTHER SPECIFIED TYPES OF NON-HODGKIN\'S LYMPHOMA'),
	('C859', '상세불명 형의 비호지킨림프종', 'NON-HODGKIN\'S LYMPHOMA, UNSPECIFIED TYPE'),
	('C88', '악성 면역증식성 질환', 'MALIGNANT IMMUNOPROLIFERATIVE DISEASES'),
	('C880', '왈덴스트룀 마크로글로불린혈증', 'WALDENSTROM\'S MACROGLOBULINAEMIA'),
	('D037', '둔부를 포함한 하지의 상피내 흑색종', 'MELANOMA IN SITU OF LOWER LIMB, INCLUDING HIP'),
	('D038', '기타 부위의 상피내 흑색종', 'MELANOMA IN SITU OF OTHER SITES'),
	('D039', '상세불명의 상피내 흑색종', 'MELANOMA IN SITU, UNSPECIFIED'),
	('D04', '피부의 상피내 암종', 'CARCINOMA IN SITU OF SKIN'),
	('D040', '입술 피부의 상피내 암종', 'SKIN OF LIP'),
	('D041', '안각을 포함한 안검 피부의 상피내 암종', 'SKIN OF EYELID, INCLUDING CANTHUS'),
	('D042', '귀 및 외이도 피부의 상피내 암종', 'SKIN OF EAR AND EXTERNAL AURICULAR CANAL'),
	('D043', '기타 및 상세불명 얼굴부위 피부의 상피내 암종', 'SKIN OF OTHER AND UNSPECIFIED PARTS OF FACE'),
	('E034', '갑상선의 위축증(후천성)', 'ATROPHY OF THYROID (ACQUIRED)'),
	('E035', '점액수종 혼수', 'MYXOEDEMA COMA'),
	('E038', '기타 명시된 갑상선 기능저하증', 'OTHER SPECIFIED HYPOTHYROIDISM'),
	('E039', '상세불명의 갑상선 기능저하증', 'HYPOTHYROIDISM, UNSPECIFIED'),
	('E04', '기타 비중독성 갑상선종', 'OTHER NONTOXIC GOITRE'),
	('E040', '비중독성 미만성 갑상선종', 'NONTOXIC DIFFUSE GOITRE'),
	('E041', '비중독성 단순성 갑상선 결절', 'NONTOXIC SINGLE THYROID NODULE'),
	('M313', '베게너 육아종증', 'WEGENER\'S GRANULOMATOSIS'),
	('M314', '대동맥궁 증후군(다까야수)', 'AORTIC ARCH SYNDROME(TAKAYASU)'),
	('M315', '류마티스 다발성 근통을 동반한 거대세포 동맥염', 'GIANT CELL ARTERITIS WITH POLYMYALGIA RHEUMATICA'),
	('M316', '기타 거대 세포 동맥염', 'OTHER GIANT CELL ARTERITIS'),
	('M318', '기타 명시된 괴사성 혈관병증', 'OTHER SPECIFIED NECROTIZING VASCULOPATHIES'),
	('M319', '상세불명의 괴사성 혈관병증', 'NECROTIZING VASCULOPATHY, UNSPECIFIED'),
	('M32', '전신성 홍반성 루푸스', 'SYSTEMIC LUPUS ERYTHEMATOSUS'),
	('M320', '약물 유발성 전신성 홍반성 루푸스', 'DRUG-INDUCED SYSTEMIC LUPUS ERYTHEMATOSUS'),
	('M321', '기관 또는 계통 침습을 동반한 전신성 홍반성 루푸스', 'SYSTEMIC LUPUS ERYTHEMATOSUS WITH ORGAN OR SYSTEM INVOLVEMENT'),
	('M328', '기타 형태의 전신성 홍반성 루푸스', 'OTHER FORMS OF SYSTEMIC LUPUS ERYTHEMATOSUS'),
	('M329', '상세불명의 전신성 홍반성 루푸스', 'SYTEMIC LUPUS ERYTHEMATOSUS, UNSPECIFIED'),
	('M33', '피부다발근염', 'DERMATOPOLYMYOSITIS'),
	('M330', '연소자성 피부근염', 'JUVENILE DERMATOMYOSITIS'),
	('M331', '기타 피부근염', 'OTHER DERMATOMYOSITIS'),
	('M332', '다발성근염', 'POLYMYOSITIS'),
	('M339', '상세불명의 피부다발성근염', 'DERMATOPOLYMYOSITIS, UNSPECIFIED'),
	('M34', '전신성 경화증', 'SYSTEMIC SCLEROSIS'),
	('M340', '진행성 전신성 경화증', 'PROGRESSIVE SYSTEMIC SCLEROSIS'),
	('M341', '중화요리점 증후군', 'CR (E) ST SYNDROME'),
	('M342', '약물 및 화학약품에 의해 유발된 전신성 경화증', 'SYSTEMIC SCLEROSIS INDUCED BY DRUGS AND CHEMICALS'),
	('M348', '기타 형태의 전신성 경화증', 'OTHER FORMS OF SYSTEMIC SCLEROSIS'),
	('M349', '상세불명의 전신성 경화증', 'SYSTEMIC SCLEROSIS, UNSPECIFIED'),
	('M35', '결합조직의 기타 전신성 침습', 'OTHER SYSTEMIC INVOLVEMENT OF CONNECTIVE TISSUE'),
	('M350', '건조 증후군(쇼그렌)', 'SICCA SYNDROME(SJOGREN)'),
	('M351', '기타 중복 증후군', 'OTHER OVERLAP SYNDROMES'),
	('M352', '베제트 병', 'BEHCET\'S DISEASE'),
	('M4187', '기타 형태의 척추측만-요천추골 부분', 'OTHER FORMS OF SCOLIOSIS'),
	('M4188', '기타 형태의 척추측만-천추골 및 천미추골 부분', 'OTHER FORMS OF SCOLIOSIS'),
	('M4189', '기타 형태의 척추측만-상세불명의 부위', 'OTHER FORMS OF SCOLIOSIS'),
	('M419', '상세불명의 척추측만', 'SCOLIOSIS, UNSPECIFIED'),
	('M4190', '상세불명의 척추측만-척추의 다발 부위', 'SCOLIOSIS, UNSPECIFIED'),
	('M4191', '상세불명의 척추측만-후두-환추-축추 부분', 'SCOLIOSIS, UNSPECIFIED'),
	('W76', '기타 불의의 교수 및 압박', 'OTHER ACCIDENTAL HANGING AND STRANGULATION'),
	('W760', '주거지에서 기타 불의의 교수 및 압박', 'HOME'),
	('W761', '집단거주시설에서 기타 불의의 교수 및 압박', 'RESIDENTIAL INSTITUTION'),
	('W762', '학교, 기타 시설 및 공공행정 구역에서 기타 불의의 교수 및 압박', 'SCHOOL,OTHER INSTITURTION AND PUBLIC ADMINISTRATIVE AREA'),
	('W763', '운동 및 경기장에서 기타 불의의 교수 및 압박', 'SPORTS AND ATHLETICS AREA'),
	('W764', '도로에서 기타 불의의 교수 및 압박', 'STREET AND HIGHWAY'),
	('W765', '상업 및 서비스 구역에서 기타 불의의 교수 및 압박', 'TRADE AND SERVICE AREA'),
	('W990', '주거지에서 기타 및 상세불명의 인공환경 요인에 노출', 'HOME'),
	('W991', '집단거주시설에서 기타 및 상세불명의 인공환경 요인에 노출', 'RESIDENTIAL INSTITUTION'),
	('W992', '학교, 기타 시설 및 공공행정 구역에서 기타 및 상세불명의 인공환경 요인에 노출', 'SCHOOL,OTHER INSTITURTION AND PUBLIC ADMINISTRATIVE AREA'),
	('W993', '운동 및 경기장에서 기타 및 상세불명의 인공환경 요인에 노출', 'SPORTS AND ATHLETICS AREA'),
	('W994', '도로에서 기타 및 상세불명의 인공환경 요인에 노출', 'STREET AND HIGHWAY'),
	('W995', '상업 및 서비스 구역에서 기타 및 상세불명의 인공환경 요인에 노출', 'TRADE AND SERVICE AREA'),
	('W996', '산업 및 건설 지역에서 기타 및 상세불명의 인공환경 요인에 노출', 'INDUSTRIAL AND CONSTRUCTION AREA'),
	('W997', '농장에서 기타 및 상세불명의 인공환경 요인에 노출', 'FARM'),
	('W998', '기타 명시된 장소에서 기타 및 상세불명의 인공환경 요인에 노출', 'OTHER SPECIFIED PLACES'),
	('W999', '상세불명 장소에서 기타 및 상세불명의 인공환경 요인에 노출', 'UNSPECIFIED PLACE'),
	('X00', '건물 또는 구조물 안에서 관리되지 않은 불에 노출', 'EXPOSURE TO UNCONTROLLED FIRE IN BUILDING OR STRUCTURE'),
	('X000', '주거지의 건물 또는 구조물 안에서 관리되지 않은 불에 노출', 'HOME'),
	('X001', '집단거주시설의 건물 또는 구조물 안에서 관리되지 않은 불에 노출', 'RESIDENTIAL INSTITUTION'),
	('X002', '학교, 기타 시설 및 공공행정 구역의 건물 또는 구조물 안에서 관리되지 않은 불에 노출', 'SCHOOL,OTHER INSTITURTION AND PUBLIC ADMINISTRATIVE AREA'),
	('X003', '운동 및 경기장의 건물 또는 구조물 안에서 관리되지 않은 불에 노출', 'SPORTS AND ATHLETICS AREA'),
	('X004', '도로의 건물 또는 구조물 안에서 관리되지 않은 불에 노출', 'STREET AND HIGHWAY'),
	('X005', '상업 및 서비스 구역의 건물 또는 구조물 안에서 관리되지 않은 불에 노출', 'TRADE AND SERVICE AREA'),
	('X006', '산업 및 건설 지역의 건물 또는 구조물 안에서 관리되지 않은 불에 노출', 'INDUSTRIAL AND CONSTRUCTION AREA'),
	('X007', '농장의 건물 또는 구조물 안에서 관리되지 않은 불에 노출', 'FARM'),
	('X008', '기타 명시된 장소의 건물 또는 구조물 안에서 관리되지 않은 불에 노출', 'OTHER SPECIFIED PLACES'),
	('X009', '상세불명 장소의 건물 또는 구조물 안에서 관리되지 않은 불에 노출', 'UNSPECIFIED PLACE'),
	('X01', '건물 또는 구조물이 아닌 곳에서 관리되지 않은 불에 노출', 'EXPOSURE TO UNCONTROLLED FIRE, NOT IN BUILDING OR STRUCTURE'),
	('X010', '주거지의 건물 또는 구조물이 아닌 곳에서 관리되지 않은 불에 노출', 'HOME'),
	('X011', '집단거주시설의 건물 또는 구조물이 아닌 곳에서 관리되지 않은 불에 노출', 'RESIDENTIAL INSTITUTION'),
	('X012', '학교, 기타 시설 및 공공행정 구역의 건물 또는 구조물이 아닌 곳에서 관리되지 않은 불에 노출', 'SCHOOL,OTHER INSTITURTION AND PUBLIC ADMINISTRATIVE AREA'),
	('X013', '운동 및 경기장의 건물 또는 구조물이 아닌 곳에서 관리되지 않은 불에 노출', 'SPORTS AND ATHLETICS AREA'),
	('X014', '도로의 건물 또는 구조물이 아닌 곳에서 관리되지 않은 불에 노출', 'STREET AND HIGHWAY'),
	('X015', '상업 및 서비스 구역의 건물 또는 구조물이 아닌 곳에서 관리되지 않은 불에 노출', 'TRADE AND SERVICE AREA'),
	('X016', '산업 및 건설 지역의 건물 또는 구조물이 아닌 곳에서 관리되지 않은 불에 노출', 'INDUSTRIAL AND CONSTRUCTION AREA'),
	('X997', '농장에서 예리한 물체에 의한 가해', 'FARM'),
	('X998', '기타 명시된 장소에서 예리한 물체에 의한 가해', 'OTHER SPECIFIED PLACES'),
	('X999', '상세불명 장소에서 예리한 물체에 의한 가해', 'UNSPECIFIED PLACE'),
	('Y00', '둔한 물체에 의한 가해', 'ASSAULT BY BLUNT OBJECT'),
	('Y000', '주거지에서 둔한 물체에 의한 가해', 'HOME'),
	('Y001', '집단거주시설에서 둔한 물체에 의한 가해', 'RESIDENTIAL INSTITUTION'),
	('Y002', '학교, 기타 시설 및 공공행정 구역에서 둔한 물체에 의한 가해', 'SCHOOL,OTHER INSTITURTION AND PUBLIC ADMINISTRATIVE AREA'),
	('Y003', '운동 및 경기장에서 둔한 물체에 의한 가해', 'SPORTS AND ATHLETICS AREA'),
	('Y004', '도로에서 둔한 물체에 의한 가해', 'STREET AND HIGHWAY'),
	('Y005', '상업 및 서비스 구역에서 둔한 물체에 의한 가해', 'TRADE AND SERVICE AREA'),
	('Y006', '산업 및 건설 지역에서 둔한 물체에 의한 가해', 'INDUSTRIAL AND CONSTRUCTION AREA'),
	('Y007', '농장에서 둔한 물체에 의한 가해', 'FARM'),
	('Y845', '위 또는 십이지장 소식자의 삽입', 'INSERTION OF GASTRIC OR DUODENAL SOUND'),
	('Y846', '요로 도자술', 'URINARY CATHETERIZATION'),
	('Y847', '혈액 채취', 'BLOOD-SAMPLING'),
	('Y848', '기타 내과적 처치', 'OTHER MEDICAL PROCEDURES'),
	('Y849', '상세불명의 내과적 처치', 'MEDICAL PROCEDURE, UNSPECIFIED'),
	('Y85', '운수사고의 후유증', 'SEQUELAE OF TRANSPORT ACCIDENTS'),
	('Y850', '자동차 사고의 후유증', 'SEQUELAE OF MOTOR-VEHICLE ACCIDENTS'),
	('Y859', '기타 및 상세불명의 운수사고의 후유증', 'SEQUELAE OF OTHER AND UNSPECIFIED TRANSPORT ACCIDENTS'),
	('Y86', '기타 사고의 후유증', 'SEQUELAE OF OTHER ACCIDENTS'),
	('Y87', '의도적 자해, 가해 및 의도 미확인 사건의 후유증', 'SEQUELAE OF INTENTIONAL SELF-HARM, ASSAULT AND EVENTS OF UNDETERMINED INTENT'),
	('Y870', '의도적 자해의 후유증', 'SEQUELAE OF INTENTIONAL SELF-HARM'),
	('Y871', '폭행의 후유증', 'SEQUELAE OF ASSAULT'),
	('Y872', '의도 미확인 사건의 후유증', 'SEQUELAE OF EVENTS OF UNDETERMINED INTENT'),
	('Y88', '외인으로서의 외과적 및 내과적 치료의 후유증', 'SEQUELAE WITH SURGICAL AND MEDICAL CARE AS EXTERNAL CAUSE'),
	('Y880', '치료용 약물, 약제 및 생물학적 물질에 의한 부작용의 후유증', 'SEQUELAE OF ADVERSE EFFECTS CAUSED BY DRUGS, MEDICAMENTS AND BIOLOGICAL SUBSTANCES IN THERAPEUTIC US'),
	('Y881', '외과적 및 내과적 처치도중 환자에 대한 재난의 후유증', 'SEQUELAE OF MISADVENTURES TO PATIENTS DURING SURGICAL AND MEDICAL PROCEDURES'),
	('Y882', '진단 및 치료용 의료장치에 의한 부작용의 후유증', 'SEQUELAE OF ADVERSE INCIDENTS ASSOCIATED WITH MEDICAL DEVICES IN DIAGNOSTIC AND THERAPEUTIC USE'),
	('Y883', '처치 당시에는 재난의 언급이 없었으나 환자의 이상반응 또는 후에 합병증의 원인이된 외과적 및 내과적 처', 'SEQUELAE OF SURGICAL AND MEDICAL PROCEDURES AS THE CAUSE OF ABNORMAL REACTION OF THE PATIENT, OR OF'),
	('Y89', '기타 외인의 후유증', 'SEQUELAE OF OTHER EXTERNAL CAUSES'),
	('Y890', '법적개입의 후유증', 'SEQUELAE OF LEGAL INTERVENTION'),
	('Y891', '전쟁행위의 후유증', 'SEQUELAE OF WAR OPERATIONS'),
	('Y899', '상세불명의 외인의 후유증', 'SEQUELAE OF UNSPECIFIED EXTERNAL CAUSE'),
	('Y90', '혈액 알콜 농도로 확인된 알콜 관여의 증거', 'EVIDENCE OF ALCOHOL INVOLVEMENT DETERMINED BY BLOOD ALCOHOL LEVEL'),
	('Y900', '혈액 알콜 농도', 'BLOOD ALCOHOL LEVEL OF) 20MG/100ML 미만(LESS THAN'),
	('Y901', '혈액 알콜 농도', 'BLOOD ALCOHOL LEVEL OF) 20-39MG/100ML'),
	('Y902', '혈액 알콜 농도', 'BLOOD ALCOHOL LEVEL OF) 40-59MG/100ML'),
	('Y903', '혈액 알콜 농도', 'BLOOD ALCOHOL LEVEL OF) 60-79MG/100ML'),
	('Y904', '혈액 알콜 농도', 'BLOOD ALCOHOL LEVEL OF) 80-99MG/100ML'),
	('Y905', '혈액 알콜 농도', 'BLOOD ALCOHOL LEVEL OF) 100-119MG/100ML'),
	('Y906', '혈액 알콜 농도', 'BLOOD ALCOHOL LEVEL OF) 120-199MG/100ML'),
	('Y907', '혈액 알콜 농도', 'BLOOD ALCOHOL LEVEL OF) 200-239MG/100ML'),
	('Y908', '혈액 알콜 농도', 'BLOOD ALCOHOL LEVEL OF) 240MG/100ML 이상 (OR MORE'),
	('Y909', '혈액내 알콜 존재, 농도미상', 'PRESENCE OF ALCOHOL IN BLOOD, LEVEL NOT SEPCIFIED'),
	('Y91', '중독의 농도가 확인된 알콜 관여의 증거', 'EVIDENCE OF ALCOHOL INVOLVEMENT DETERMINED BY LEVEL INTOXICATION'),
	('Y910', '경미한 알콜중독', 'MILD ALCOHOL INTOXICATION'),
	('Y911', '중등도 알콜중독', 'MODERATE ALCOHOL INTOXICATION'),
	('Y912', '심한 알콜중독', 'SEVERE ALCOHOL INTOXICATION'),
	('Y913', '대단히 심한 알콜중독', 'VERY SEVERE ALCOHOL INTOXICATION'),
	('Y919', '알콜 관여', 'ALCOHOL INVOLVEMENT) NOS'),
	('Y95', '병원과 관련된 상태', 'NOSOCOMIAL CONDITION'),
	('Y96', '업무와 관련된 상태', 'WORK-RELATED CONDITION'),
	('Y97', '환경오염과 관련된 상태', 'ENVIRONMENTAL-POLLUTION-RELATED CONDITION'),
	('Y98', '생활방식과 관련된 상태', 'LIFESTYLE-RELATED CONDITION'),
	('Z00', '증상 호소 또는 보고된 진단명이 없는 사람의 일반적 검사 및 조사', 'GENERAL EXAMINATION AND INVESTIGATION OF PERSONS WITHOUT COMPLAINT OR REPORTED DIANOSIS'),
	('Z000', '일반적 의학검사', 'GENERAL MEDICAL EXAMINATION'),
	('Z001', '일상적 어린이 건강검사', 'ROUTINE CHILD HEALTH EXAMINATION'),
	('Z002', '소아기의 빠른 성장시기에 대한 검사', 'EXAMINATION FOR PERIOD OR RAPID GROWTH IN CHILDHOOD'),
	('Z003', '청년 발달상태에 대한 검사', 'EXAMINATION FOR ADOLESCENT DEVELOPMENT STATE'),
	('Z004', '달리 분류되지 않은 일반 정신과적 검사', 'GENERAL PSYCHIATRIC EXAMINATION, NEC'),
	('Z005', '장기와 조직의 잠재적 기증자에 대한 검사', 'EXAMINATION OF POTENTIAL DONOR OF ORGAN AND TISSUE'),
	('Z006', '임상 탐구 계획에서 정상 비교 및 통제에 대한 검사', 'EXAMINATION FOR NORMAL COMPARISON AND CONTROL IN CLINICAL RESEARCH PROGRAMME'),
	('Z008', '기타 일반 검사', 'OTHER GENERAL EXAMINATIONS'),
	('Z01', '증상 호소 또는 보고된 진단명이 없는 사람의 기타 특수 검사 및 조사', 'OTHER SPECIAL EXAMINATION AND INVESTIGATION OF PERSONS WITHOUT COMPLAINT OR REPORTED DIAGNOSIS'),
	('Z010', '눈 및 시력의 검사', 'EXAMINATION OF EYES AND VISION'),
	('Z011', '귀 및 청력의 검사', 'EXAMINATION OF EARS AND HEARING'),
	('Z012', '치아 검사', 'DENTAL EXAMINATION'),
	('Z013', '혈압 검사', 'EXAMINATION OF BLOOL PRESSURE'),
	('Z014', '부인과적 검사(일반적, 정례)', 'GYNAECOLOGICAL EXAMINATION (GENERAL, ROUTINE)'),
	('Z015', '진단적 피부 및 감각 반응검사', 'DIAGNOSTIC SKIN AND SENSITIZATION TESTS'),
	('Z016', '달리 분류되지 않은 방사선 검사', 'RADIOLOGICAL EXAMINATION, NEC'),
	('Z017', '실험용 검사', 'LABORATORY EXAMINATION'),
	('Z018', '기타 명시된 특수 검사', 'OTHER SPECIFIED SPECIAL EXAMINATIONS'),
	('Z019', '상세불명의 특수 검사', 'SPECIAL EXAMINATION, UNSPECIFIED'),
	('Z02', '행정적 목적을 위한 검사', 'EXAMINATION AND ENCOUNTER FOR ADMINISTRATIVE PURPOSES'),
	('Z020', '교육기관 입학을 위한 검사', 'EXAMINATION FOR ADMISSION TO EDUCATIONAL INSTITUTION'),
	('Z021', '고용전 검사', 'PRE-EMPLOYMENT EXAMINATION'),
	('Z022', '주거시설 입소를 위한 검사', 'EXAMINATION FOR ADMISSION TO RESIDENTIAL INSTITUTION'),
	('Z023', '군대 신병모집을 위한 검사', 'EXAMINATION FOR RECRUITMENT TO ARMED FORCES'),
	('Z024', '운전 면허를 위한 검사', 'EXAMINATION FOR DRIVING LICENCE'),
	('Z025', '운동 경기 참가를 위한 검사', 'EXAMINATION FOR PARTICIPATION IN SPORT'),
	('Z026', '보험 목적을 위한 검사', 'EXAMINATION FOR INSURANCE PURPOSES'),
	('Z027', '의료증명서 발급', 'ISSUE OF MEDICAL CERTIFICATE'),
	('Z028', '기타 행정목적을 위한 검사', 'OTHER EXAMINATIONS FOR ADMINISTRATIVE PURPOSES'),
	('Z029', '상세불명의 행정 목적을 위한 검사', 'EXAMINATION FOR ADMINISTRATIVE PURPOSES, UNSPECIFIED'),
	('Z03', '의심되는 질병 및 병태를 위한 의학적 관찰 및 평가', 'MEDICAL OBSERVATION AND EVALUATION FOR SUSPECTED DISEASES AND CONDITIONS'),
	('Z030', '의심되는 결핵의 관찰', 'OBSERVATION FOR SUSPECTED TUBERCULOSIS'),
	('Z031', '의심되는 악성 신생물에 대한 관찰', 'OBSERVATION FOR SUSPECTED MALIGNANT NEOPLASM'),
	('Z032', '의심되는 정신 및 행동장애에 대한 관찰', 'OBSERVATION FOR SUSPECTED MENTAL AND BEHAVIOURAL DISORDERS'),
	('Z033', '의심되는 신경계 장애의 관찰', 'OBSERVATION FOR SUSPECTED NERVOUS SYSTEM DISORDER'),
	('Z034', '의심되는 심근경색의 관찰', 'OBSERVATION FOR SUSPECTED MYOCARDIAL INFARCTION'),
	('Z035', '기타 의심되는 심혈관계 질환의 관찰', 'OBSERVATION FOR OTHER SUSPECTED CARDIOVASCULAR DISEASES'),
	('Z036', '의심되는 섭취한 물질의 중독영향의 관찰', 'OBSERVATION FOR SUSPECTED TOXIC EFFECT FROM INGESTED SUBSTANCE'),
	('Z038', '기타 의심되는 질환 및 병태의 관찰', 'OBSERVATION FOR OTHER SUSPECTED DISEASES AND CONDITIONS'),
	('Z039', '상세불명의 의심되는 질병 또는 병태의 관찰', 'OBSERVATION FOR SUSPECTED DISEASE OR CONDITION, UNSPECIFIED'),
	('Z04', '기타 이유에서의 검사 및 관찰', 'EXAMINATION AND OBSERVATION FOR OTHER REASONS'),
	('Z040', '혈액알콜검사 및 혈액약물검사', 'BLOOD-ALCOHOL AND BLOOD-DRUG TEST'),
	('Z041', '운수사고후 검사 및 관찰', 'EXAMINATION AND OBSERVATION FOLLOWING TRANSPORT ACCIDENT'),
	('Z042', '작업사고후 검사 및 관찰', 'EXAMINATION AND OBSERVATION FOLLOWING WORK ACCIDENT'),
	('Z043', '기타 사고후 검사 및 관찰', 'EXAMINATION AND OBSERVATION FOLLOWING OTHER ACCIDENT'),
	('Z044', '추정된 강간 및 농락후 검사 및 관찰', 'EXAMINATION AND OBSERVATION FOLLOWING ALLEGED RAPE AND SEDUCTION'),
	('Z045', '기타 가해로 입은 손상후 검사 및 관찰', 'EXAMINATION AND OBSERVATION FOLLOWING OTHER INFLICTED INJURY'),
	('Z046', '당국의 요청에 의한 일반적 정신과적 검사', 'GENERAL PSYCHIATRIC EXAMINATION, REQUESTED BY AUTHORITY'),
	('Z048', '기타 명시된 동기를 위한 검사 및 관찰', 'EXAMINATION AND OBSERVATION FOR OTHER SPECIFIED REASONS'),
	('Z049', '상세불명의 동기를 위한 검사 및 관찰', 'EXAMINATION AND OBSERVATION FOR UNSPECIFIED REASON'),
	('Z08', '악성신생물의 치료후 추후검사', 'FOLLOW-UP EXAMINATION AFTER TREATMENT FOR MALIGNANT NEOPLASM'),
	('Z080', '악성신생물의 외과적 수술후 추후검사', 'FOLLOW-UP EXAMINATION AFTER SURGERY FOR MALIGNANT NEOPLASM'),
	('Z081', '악성신생물의 방사선 치료후 추후검사', 'FOLLOW-UP EXAMINATION AFTER RADIOTHERAPY FOR MALIGNANT NEOPLASM'),
	('Z082', '악성신생물에 대한 화학요법후 추후검사', 'FOLLOW-UP EXAMINATION AFTER CHEMOTHERAPY FOR MALIGNANT NEOPLASM'),
	('Z087', '악성신생물에 대한 병합치료후 추후검사', 'FOLLOW-UP EXAMINATION AFTER COMBINED TREATMENT FOR MALIGNANT NEOPLASM'),
	('Z088', '악성신생물에 대한 기타 치료후 추후검사', 'FOLLOW-UP EXAMINATION AFTER OTHER TREATMENT FOR MALIGNANT NEOPLASM'),
	('Z089', '악성신생물에 대한 상세불명의 치료후 추후검사', 'FOLLOW-UP EXAMINATION AFTER UNSPECIFIED TREATMENT FOR MALIGNANT NEOPLASM'),
	('Z09', '악성신생물 이외의 병태에 대한 치료후 추후검사', 'FOLLOW-UP EXAMINATION AFTER TREATMENT FOR CONDITIONS OTHER THAN MALIGNANT NEOPLASM'),
	('Z090', '기타 병태에 대한 수술후 추후검사', 'FOLLOW-UP EXAMINATION AFTER SURGERY FOR OTHER CONDITIONS'),
	('Z091', '기타 병태에 대한 방사선 치료후 추후검사', 'FOLLOW-UP EXAMINATION AFTER RADIOTHERAPY FOR OTHER CONDITIONS'),
	('Z761', '기아의 건강 감독 및 관리', 'HEALTH SUPERVISION AND CARE OF FOUNDLING'),
	('Z830', '인체 면역결핍 바이러스(HIV)질환의 가족력', 'FAMILY HISTORY OF HUMAN IMMUNODEFICIENCY VIRUS DISEASE'),
	('Z831', '기타 감염성 및 기생충성 질환의 가족력', 'FAMILY HISTORY OF OTHER INFECTIOUS AND PARASITIC DISEASES'),
	('Z832', '혈액 및 조혈기관의 질환과 면역기전을 침범하는 특정장애의 가족력', 'FAMILY HISTORY OF DISEASES OF THE BLOOD AND BLOOD-FORMING ORGANS AND CERTAIN DISORDERS INVOLVING THE'),
	('Z833', '당뇨병의 가족력', 'FAMILY HISTORY OF DIABETES MELLITUS'),
	('Z834', '기타 내분비, 영양 및 대사 질환의 가족력', 'FAMILY HISTORY OF OTHER ENDOCRINE, NUTRITIONAL AND METABOLIC DISEASES'),
	('Z835', '눈 및 귀 장애의 가족력', 'FAMILY HISTORY OF EYE AND EAR DISORDERS'),
	('Z836', '호흡기계 질환의 가족력', 'FAMILY HISTORY OF DISEASES OF THE RESPIRATORY SYSTEM'),
	('Z837', '소화기계 질환의 가족력', 'FAMILY HISTORY OF DISEASES OF THE DIGESTIVE SYSTEM'),
	('Z84', '기타 병태의 가족력', 'FAMILY HISTORY OF OTHER CONDITIONS'),
	('Z840', '피부 및 피하조직 질환의 가족력', 'FAMILY HISTORY OF DISEASES OF THE SKIN AND SUBCUTANEOUS TISSUE'),
	('Z841', '신장 및 요관 장애의 가족력', 'FAMILY HISTORY OF DISORDER OF KIDNEY AND URETER'),
	('Z842', '비뇨생식기계의 기타 질환의 가족력', 'FAMILY HISTORY OF OTHER DISEASES OF THE GENITOURINARY SYSTEM'),
	('Z843', '근친결혼의 가족력', 'FAMILY HISTORY OF CONSANGUINITY'),
	('Z848', '기타 명시된 병태의 가족력', 'FAMILY HISTORY OF OTHER SPECIFIED CONDITIONS'),
	('Z85', '악성신생물의 개인력', 'PERSONAL HISTORY OF MALIGNANT NEOPLASM'),
	('Z850', '소화기관의 악성신생물의 개인력', 'PERSONAL HISTORY OF MALIGNANT NEOPLASM OF DIGESTIVE ORGANS'),
	('Z851', '기관, 기관지 및 폐의 악성신생물의 개인력', 'PERSONAL HISTORY OF MALIGNANT NEOPLASM OF TRACHEA, BRONCHUS AND LUNG'),
	('Z852', '기타 호흡기 및 흉곽내 장기의 악성신생물의 개인력', 'PERSONAL HISTORY OF MALIGNANT NEOPLASM OF OTHER RESPIRATORY AND INTRATHORACIC ORGANS'),
	('Z853', '유방의 악성신생물의 개인력', 'PERSONAL HISTORY OF MALIGNANT NEOPLASM OF BREAST'),
	('Z854', '생식기관의 악성신생물의 개인력', 'PERSONAL HISTORY OF MALIGNANT NEOPLASM OF GENITAL ORGANS'),
	('Z855', '요로의 악성신생물의 개인력', 'PERSONAL HISTORY OF MALIGNANT NEOPLASM OF URINARY TRACT'),
	('Z856', '백혈병의 개인력', 'PERSONAL HISTORY OF LEUKAEMIA'),
	('Z857', '임파, 조혈조직 및 관련 조직의 기타 악성신생물의 개인력', 'PERSONAL HISTORY OF OTHER MALIGNANT NEOPLASM OF LYMPHOID, HAEMATOPOIETIC AND RELATED TISSUES'),
	('Z858', '기타 기관 또는 계통의 악성신생물의 개인력', 'PERSONAL HISTORY OF MALIGNANT NEOPLASMS OF OTHER ORGANS OR SYSTEMS'),
	('Z859', '상세불명의 악성신생물의 개인력', 'PERSONAL HISTORY OF MALIGNANT NEOPLASM, UNSPECIFIED'),
	('Z86', '특정 기타 질환의 개인력', 'PERSONAL HISTORY OF CERTAIN OTHER DISEASES'),
	('Z860', '기타 신생물의 개인력', 'PERSONAL HISTORY OF OTHER NEOPLASMS'),
	('Z861', '감염성 및 기생충성 질환의 개인력', 'PERSONAL HISTORY OF INFECTIOUS AND PARASITIC DISEASES'),
	('Z862', '혈액 및 조혈기관의 질환과 면역기전을 침범하는 특정장애의 개인력', 'PERSONAL HISTORY OF DISEASES OF THE BLOOD AND BLOOD-FORMING ORGANS AND CERTAIN DISORDERS INVOLVING T'),
	('Z863', '내분비, 영양 및 대사 질환의 개인력', 'PERSONAL HISTORY OF ENDOCRINE, NUTRITIONAL AND METABOLIC DISEASES'),
	('Z864', '정신활성 물질 남용의 개인력', 'PERSONAL HISTORY OF PSYCHOACTIVE SUBSTANCE ABUSE'),
	('Z865', '기타 정신 및 행동장애의 개인력', 'PERSONAL HISTORY OF OTHER MENTAL AND BEHAVIOURAL DISORDERS'),
	('Z866', '신경계 및 감각기관 질환의 개인력', 'PERSONAL HISTORY OF DISEASES OF THE NERVOUS SYSTEM AND SENSE ORGANS'),
	('Z867', '순환기계 질환의 개인력', 'PERSONAL HISTORY OF DISEASES OF THE CIRCULATORY SYSTEM'),
	('Z87', '기타 질환 및 병태의 개인력', 'PERSONAL HISTORY OF OTHER DISEASES AND CONDITIONS'),
	('Z870', '호흡기계 질환의 개인력', 'PERSONAL HISTORY OF DISEASES OF THE RESPIRATORY SYSTEM'),
	('Z871', '소화기계 질환의 개인력', 'PERSONAL HISTORY OF DISEASES OF THE DIGESTIVE SYSTEM'),
	('Z872', '피부 및 피하조직 질환의 개인력', 'PERSONAL HISTORY OF DISEASES OF THE SKIN AND SUBCUTANEOUS TISSUE'),
	('Z873', '근골격계 및 결합조직 질환의 개인력', 'PERSONAL HISTORY OF DISEASES OF THE MUSCULOS-KELETAL SYSTEM AND CONNECTIVE TISSUE'),
	('Z874', '비뇨생식기계 질환의 개인력', 'PERSONAL HISTORY OF DISEASES OF THE GENITOURINARY SYSTEM'),
	('Z875', '임신, 출산 및 산욕기 합병증의 개인력', 'PERSONAL HISTORY OF COMPLICATIONS OF PREGNANCY, CHILDBIRTH AND THE PUERPERIUM'),
	('Z876', '주산기에 일어난 특정 병태의 개인력', 'PERSONAL HISTORY OF CERTAIN CONDITIONS ARISING IN THE PERINATAL PERIOD'),
	('Z877', '선천성 기형, 변형 및 염색체 이상의 개인력', 'PERSONAL HISTORY OF CONGENITAL MALFORMATIONS, DEFORMATIONS AND CHROMOSOMAL ABNORMALITIES'),
	('Z878', '기타 명시된 병태의 개인력', 'PERSONAL HISTORY OF OTHER SPECIFIED CONDITIONS'),
	('Z88', '약물, 약제 및 생물학적 물질에 대한 알레르기의 개인력', 'PERSONAL HISTORY OF ALLERGY TO DRUGS, MEDICAMENTS AND BIOLOGICAL SUBSTANCES'),
	('Z880', '페니실린에 대한 알레르기의 개인력', 'PERSONAL HISTORY OF ALLERGY TO PENICILLIN'),
	('Z881', '기타 항생제에 대한 알레르기의 개인력', 'PERSONAL HISTORY OF ALLERGY TO OTHER ANTIBIOTIC AGENTS'),
	('Z882', '설폰아미드에 대한 알레르기의 개인력', 'PERSONAL HISTORY OF ALLERGY TO SULFONAMIDES'),
	('Z883', '기타 항감염제제에 대한 알레르기의 개인력', 'PERSONAL HISTORY OF ALLERGY TO OTHER ANTIINFECTIVE AGENTS'),
	('Z884', '마취제에 대한 알레르기의 개인력', 'PERSONAL HISTORY OF ALLERGY TO ANAESTHETIC AGENT'),
	('Z885', '마약제에 대한 알레르기의 개인력', 'PERSONAL HISTORY OF ALLERGY TO NARCOTIC AGENT'),
	('Z886', '진통제에 대한 알레르기의 개인력', 'PERSONAL HISTORY OF ALLERGY TO ANALGESIC AGENT'),
	('Z887', '혈청 및 백신에 대한 알레르기의 개인력', 'PERSONAL HISTORY OF ALLERGY TO SERUM AND VACCINE'),
	('Z888', '기타 약물, 약제 및 생물학적 물질에 대한 알레르기의 개인력', 'PERSONAL HISTORY OF ALLERGY TO OTHER DRUGS, MEDICAMENTS AND BIOLOGICAL SUBSTANCES'),
	('Z889', '상세불명의 약물, 약제 및 생물학적 물질에 대한 알레르기의 개인력', 'PERSONAL HISTORY OF ALLERGY TO UNSPECIFIED DRUGS, MEDICAMENTS AND BIOLOGICAL SUBSTANCES'),
	('Z89', '후천성 사지 부재', 'ACQUIRED ABSENCE OF LIMB'),
	('Z890', '편측성 손가락의 후천성 부재 (엄지 포함)', 'ACQUIRED ABSENCE OF FINGER(S) (INCLUDING THUMB), UNILATERAL'),
	('Z891', '손 및 손목의 후천성 부재', 'ACQUIRED ABSENCE OF HAND AND WRIST'),
	('Z892', '손목 위의 상박의 후천성 부재', 'ACQUIRED ABSENCE OF UPPER LIMB ABOVE WRIST'),
	('Z893', '(모든 부위의) 양측 상박의 후천성 부재', 'ACQUIRED ABSENCE OF BOTH LIMB (ANY LEVEL)'),
	('Z894', '발 및 발목의 후천성 부재', 'ACQUIRED ABSENCE OF FOOT AND ANKLE'),
	('Z895', '무릎을 포함한 아래다리의 후천성 부재', 'ACQUIRED ABSENCE OF LEG AT OR BELOW KNEE'),
	('Z896', '무릎위 다리의 후천성 부재', 'ACQUIRED ABSENCE OF LEG ABOVE KNEE'),
	('Z897', '(발가락 자체만을 제외한 모든 부위의) 양측 하지의 후천성 부재', 'ACQUIRED ABSENCE OF BOTH LOWER LIMBS (ANY LEVEL, EXCEPT TOES ALONE)'),
	('Z898', '(모든 부위의) 상박 및 하지의 후천성 부재', 'ACQUIRED ABSENCE OF UPPER AND LOWER LIMBS (ANY LEVEL)'),
	('Z899', '상세불명의 후천성 사지 부재', 'ACQUIRED ABSENCE OF LIMB, UNSPECIFIED'),
	('Z90', '달리 분류되지 않은 기관의 후천적 부재', 'ACQUIRED ABSENCE OF ORGANS, NEC'),
	('Z900', '머리 및 목 일부의 후천적 부재', 'ACQUIRED ABSENCE OF PART OF HEAD AND NECK'),
	('Z901', '유방의 후천적 부재', 'ACQUIRED ABSENCE OF BREAST(S)'),
	('Z902', '폐(일부)의 후천적 부재', 'ACQUIRED ABSENCE OF LUNG (PART OF)'),
	('Z903', '위 일부의 후천적 부재', 'ACQUIRED ABSENCE OF PART OF STOMACH'),
	('Z904', '기타 소화관 부분의 후천적 부재', 'ACQUIRED ABSENCE OF OTHER PARTS OF DIGESTIVE TRACT'),
	('Z905', '신장의 후천적 부재', 'ACQUIRED ABSENCE OF KIDNEY'),
	('Z906', '기타 요로 부분의 후천적 부재', 'ACQUIRED ABSENCE OF OTHER PARTS OF URINARY TRACT'),
	('Z907', '생식기관의 후천적 부재', 'ACQUIRED ABSENCE OF GENITAL ORGAN(S)'),
	('Z908', '기타 기관의 후천적 부재', 'ACQUIRED ABSENCE OF OTHER ORGANS'),
	('Z91', '달리 분류되지 않은 위험요인의 개인력', 'PERSONAL HISTORY OF RISK-FACTORS, NEC'),
	('Z910', '약물 및 생물학 물질이외의 알레르기의 개인력', 'PERSONAL HISTORY OF ALLERGY, OTHER THAN TO DRUGS AND BIOLOGICAL SUBSTANCES'),
	('Z911', '의학적 치료 및 섭생에 대한 불순응의 개인력', 'PERSONAL HISTORY OF NONCOMPLIANCE WITH MEDICAL TREATMENT AND REGIMEN'),
	('Z912', '불량 개인위생의 개인력', 'PERSONAL HISTORY OF POOR PERSONAL HYGIENE'),
	('Z913', '건강치 못한 수면-자주 깨는 개인력', 'PERSONAL HISTORY OF UNHEALTHY SLEEP-WAKE SCHEDULE'),
	('Z914', '달리 분류되지 않은 심리학적 외상의 개인력', 'PERSONAL HISTORY OF PSYCHOLOGICAL TRAUMA, NEC'),
	('Z915', '자해의 개인력', 'PERSONAL HISTORY OF SELF-HARM'),
	('Z916', '기타 신체적 외상의 개인력', 'PERSONAL HISTORY OF OTHER PHYSICAL TRAUMA'),
	('Z918', '달리 분류되지 않은 기타 명시된 위험요인의 개인력', 'PERSONAL HISTORY OF OTHER SPECIFIED RISK-FACTORS, NEC'),
	('Z92', '의학적 치료의 개인력', 'PERSONAL HISTORY OF MEDICAL TREATMENT'),
	('Z920', '피임의 개인력', 'PERSONAL HISTORY OF CONTRACEPTION'),
	('Z921', '항응고제의 오랜(현재) 사용의 개인력', 'PERSONAL HISTORY OF LONG-TERM(CURRENT) USE OF ANTICOAGULANTS'),
	('Z922', '기타 약제의 오랜(현재) 사용의 개인력', 'PERSONAL HISTORY OF LONG-TERM(CURRENT) USE OF OTHER MEDICAMENTS'),
	('Z923', '방사선 치료의 개인력', 'PERSONAL HISTORY OF IRRADIATION'),
	('Z924', '달리 분류되지 않은 큰 수술의 개인력', 'PERSONAL HISTORY OF MAJOR SURGERY, NEC'),
	('Z925', '재활 조치의 개인력', 'PERSONAL HISTORY OF REHABILITATION MEASURES'),
	('Z928', '기타 의학적 치료의 개인력', 'PERSONAL HISTORY OF OTHER MEDICAL TREATMENT'),
	('Z929', '상세불명의 의학적 치료의 개인력', 'PERSONAL HISTORY OF MEDICAL TREATMENT, UNSPECIFIED'),
	('Z93', '인공적 개구상태', 'ARTIFICIAL OPENING STATUS'),
	('Z930', '기관절제술 상태', 'TRACHEOSTOMY STATUS'),
	('Z931', '위루설치술 상태', 'GASTROSTOMY STATUS'),
	('Z932', '회장루설치술 상태', 'ILEOSTOMY STATUS'),
	('Z933', '결장루설치술 상태', 'COLOSTOMY STATUS'),
	('Z934', '기타 위장관로의 인공적 개구상태', 'OTHER ARTIFICIAL OPENINGS OF GASTROINTESTINAL TRACT STATUS'),
	('Z935', '방광루 상태', 'CYSTOSTOMY STATUS'),
	('Z936', '기타 요로의 인공적 개구상태', 'OTHER ARTIFICIAL OPENINGS OF URINARY TRACT STATUS'),
	('Z938', '기타 인공적 개구상태', 'OTHER ARTIFICIAL OPENING STATUS'),
	('Z939', '상세불명의 인공적 개구상태', 'ARTIFICIAL OPENING STATUS, UNSPECIFIED'),
	('Z94', '이식한 장기 또는 조직의 상태', 'TRANSPLANTED ORGAN AND TISSUE STATUS'),
	('Z940', '신장 이식 상태', 'KIDNEY TRANSPLANT STATUS'),
	('Z941', '심장 이식 상태', 'HEART TRANSPLANT STATUS'),
	('Z942', '폐 이식 상태', 'LUNG TRANSPLANT STATUS'),
	('Z943', '심장 및 폐 이식 상태', 'HEART AND LUNGS TRANSPLANT STATUS'),
	('Z944', '간 이식 상태', 'LIVER TRANSPLANT STATUS'),
	('Z945', '피부 이식 상태', 'SKIN TRANSPLANT STATUS'),
	('Z946', '뼈 이식 상태', 'BONE TRANSPLANT STATUS'),
	('Z947', '각막 이식 상태', 'CORNEAL TRANSPLANT STATUS'),
	('Z948', '기타 이식된 장기 및 조직 상태', 'OTHER TRANSPLANTED ORGAN AND TISSUE STATUS'),
	('Z949', '상세불명의 이식 장기 및 조직의 상태', 'TRANSPLANTED ORGAN AND TISSUE STATUS, UNSPECIFIED'),
	('Z95', '심장 및 혈관 삽입물 및 이식편의 존재', 'PRESENCE OF CARDIAC AND VASCULAR IMPLANTS AND GRAFTS'),
	('Z950', '심 박동기의 존재', 'PRESENCE OF CARDIAC PACEMAKER'),
	('Z951', '대동맥 관상동맥 회로 이식편의 존재', 'PRESENCE OF AORTOCORONARY BYPASS GRAFT'),
	('Z952', '인공 심장 판막의 존재', 'PRESENCE OF PROSTHETIC HEART VALVE'),
	('Z953', '이질성 심장 판막의 존재', 'PRESENCE OF XENOGENIC HEART VALVE'),
	('Z954', '기타 심장 판막의 대치물의 존재', 'PRESENCE OF OTHER HEART-VALVE REPLACEMENT'),
	('Z955', '관상동맥 확장성 삽입물 및 이식편의 존재', 'PRESENCE OF CORONARY ANGIOPLASTY IMPLANT AND GRAFT'),
	('Z958', '기타 심장 및 혈관 삽입물 및 이식편의 존재', 'PRESENCE OF OTHER CARDIAC AND VASCULAR IMPLANTS AND GRAFTS'),
	('Z959', '상세불명의 심장 및 혈관 삽입물 및 이식편의 존재', 'PRESENCE OF CARDIAC AND VASCULAR IMPLANT AND GRAFT, UNSPECIFIED'),
	('Z96', '기타 기능적 삽입물의 존재', 'PRESENCE OF OTHER FUNCTIONAL IMPLANTS'),
	('Z960', '비뇨생식기의 삽입물의 존재', 'PRESENCE OF UROGENITAL IMPLANTS'),
	('Z961', '눈속의 렌즈의 존재', 'PRESENCE OF INTRAOCULAR LENS'),
	('Z962', '이과 및 청과학의 삽입물의 존재', 'PRESENCE OF OTOLOGICAL AND AUDIOLOGICAL IMPLANTS'),
	('Z963', '인공 후두의 존재', 'PRESENCE OF ARTIFICIAL LARYNX'),
	('Z964', '내분비성 삽입물의 존재', 'PRESENCE OF ENDOCRINE IMPLANTS'),
	('Z965', '치근 및 하악골 삽입물의 존재', 'PRESENCE OF TOOTH-ROOT AND MANDIBULAR IMPLANTS'),
	('Z966', '정형외과적 관절 삽입물의 존재', 'PRESENCE OF ORTHOPAEDIC JOINT IMPLANTS'),
	('Z967', '기타 뼈 및 건 삽입물의 존재', 'PRESENCE OF OTHER BONE AND TENDON IMPLANTS'),
	('Z968', '기타 명시된 기능적 삽입물의 존재', 'PRESENCE OF OTHER SPECIFIED FUNCTIONAL IMPLANTS'),
	('Z969', '상세불명의 기능적 삽입물의 존재', 'PRESENCE OF FUNCTIONAL IMPLANT, UNSPECIFIED'),
	('Z97', '기타 장치의 존재', 'PRESENCE OF OTHER DEVICES'),
	('Z970', '인공 눈의 존재', 'PRESENCE OF ARTIFICIAL EYE'),
	('Z971', '인공 사지(일부, 전부)의 존재', 'PRESENCE OF ARTIFICIAL LIMB (COMPLETE, PARTIAL)'),
	('Z972', '치아 보철장치(일부, 전부)의 존재', 'PRESENCE OF DENTAL PROSTHETIC DEVICE (COMPLETE, PARTIAL)'),
	('Z973', '안경 및 콘택트렌즈의 존재', 'PRESENCE OF SPECTACLES AND CONTACT LENSES'),
	('Z974', '외부 보청기의 존재', 'PRESENCE OF EXTERNAL HEARING-AID'),
	('Z975', '(자궁내) 피임장치의 존재', 'PRESENCE OF (INTRAUTERINE) CONTRACEPTIVE DEVICE'),
	('Z978', '기타 명시된 장치의 존재', 'PRESENCE OF OTHER SPECIFIED DEVICES'),
	('Z98', '기타 수술후 상태', 'OTHER POSTSURGICAL STATES'),
	('Z980', '장관 회로 및 문합상태', 'INTESTINAL BYPASS AND ANASTOMOSIS STATUS'),
	('Z981', '관절고정술 상태', 'ARTHRODESIS STATUS'),
	('Z982', '뇌척수액 배출장치의 존재', 'PRESENCE OF CEREBROSPINAL FLUID DRAINAGE DEVICE'),
	('Z988', '기타 명시된 수술후 상태', 'OTHER SPECIFIED POSTSURGICAL STATES'),
	('Z99', '달리 분류되지 않은 기능성 기계 및 장치에 대한 의존', 'DEPENDENCE ON ENABLING MACHINES AND DEVICES, NEC'),
	('Z990', '흡인기 의존', 'DEPENDENCE ON ASPIRATOR'),
	('Z991', '호흡기 의존', 'DEPENDENCE ON RESPIRATOR'),
	('Z992', '신장투석기 의존', 'DEPENDENCE ON RENAL DIALYSIS'),
	('Z993', '휠췌어에 의존', 'DEPENDENCE ON WHEELCHAIR'),
	('Z998', '기타 기능성 기계 및 장치에 의존', 'DEPENDENCE OF OTHER ENABLING MACHINES AND DEVICES'),
	('Z999', '상세불명의 기능성 기계 및 장치에 의존', 'DEPENDENCE ON UNSPECIFIED ENABLING MACHINE AND DEVICE');
/*!40000 ALTER TABLE `go_disease` ENABLE KEYS */;


-- 테이블 loverman85의 구조를 덤프합니다. go_doctor
CREATE TABLE IF NOT EXISTS `go_doctor` (
  `GO_DOCTOR_ID` varchar(80) NOT NULL COMMENT '의사ID',
  `GO_TREAT_SUBJECT_CODE` varchar(10) NOT NULL COMMENT '진료과목코드',
  `GO_HOSPITAL_ID` varchar(10) NOT NULL COMMENT '병원ID',
  `GO_DOCTOR_NAME` varchar(10) NOT NULL COMMENT '의사명',
  `GO_DOCTOR_LICENSE` varchar(50) NOT NULL COMMENT '의사면허',
  `GO_DOCTOR_PHONE` varchar(50) NOT NULL COMMENT '연락처',
  PRIMARY KEY (`GO_DOCTOR_ID`),
  KEY `FK_go_treat_subject_TO_go_doctor` (`GO_TREAT_SUBJECT_CODE`),
  KEY `FK_go_hospital_TO_go_doctor` (`GO_HOSPITAL_ID`)
) ENGINE=MyISAM DEFAULT CHARSET=utf8 COMMENT='의사관리';

-- Dumping data for table loverman85.go_doctor: 10 rows
/*!40000 ALTER TABLE `go_doctor` DISABLE KEYS */;
INSERT INTO `go_doctor` (`GO_DOCTOR_ID`, `GO_TREAT_SUBJECT_CODE`, `GO_HOSPITAL_ID`, `GO_DOCTOR_NAME`, `GO_DOCTOR_LICENSE`, `GO_DOCTOR_PHONE`) VALUES
	('doctor_1', '13', 'hospital_1', '조민국', '106435', '010-2000-3000'),
	('doctor_2', '15', 'hospital_2', '최유민', '123423', '010-9000-1111'),
	('doctor_3', '2', 'hospital_3', '윤재호', '115642', '010-8000-1111'),
	('doctor_4', '1', 'hospital_4', '고은비', '136542', '010-7000-1111'),
	('doctor_5', '1', 'hospital_5', '허준', '100213', '010-6000-1111'),
	('doctor_6', '5', 'hospital_1', '김진남', '156456', '010-1234-5678'),
	('doctor_7', '7', 'hospital_2', '조봉연', '111987', '010-8765-4321'),
	('doctor_8', '9', 'hospital_3', '정상일', '112825', '010-4563-5555'),
	('doctor_9', '4', 'hospital_4', '황문규', '116585', '010-1111-2222'),
	('doctor_10', '14', 'hospital_5', '임문환', '158125', '010-2222-1111');
/*!40000 ALTER TABLE `go_doctor` ENABLE KEYS */;


-- 테이블 loverman85의 구조를 덤프합니다. go_hospital
CREATE TABLE IF NOT EXISTS `go_hospital` (
  `GO_HOSPITAL_ID` varchar(10) NOT NULL COMMENT '병원ID',
  `GO_HOSPITAL_PW` varchar(10) NOT NULL COMMENT '병원PW',
  `GO_HOSPITAL_NAME` varchar(50) NOT NULL COMMENT '병원명',
  `GO_HOSPITAL_PHONE` varchar(50) NOT NULL COMMENT '연락처',
  `GO_HOSPITAL_BUSINESS_NO` varchar(50) NOT NULL COMMENT '사업자번호',
  `GO_HOSPITAL_SCALE` varchar(10) NOT NULL COMMENT '병원규모',
  `GO_HOSPITAL_ZIP_CODE` varchar(10) NOT NULL COMMENT '우편번호',
  `GO_HOSPITAL_ADDRESS` varchar(30) NOT NULL COMMENT '주소',
  `GO_HOSPTIAL_ADDRESS_DETAIL` varchar(50) NOT NULL COMMENT '상세주소',
  PRIMARY KEY (`GO_HOSPITAL_ID`)
) ENGINE=MyISAM DEFAULT CHARSET=utf8 COMMENT='병원관리';

-- Dumping data for table loverman85.go_hospital: 5 rows
/*!40000 ALTER TABLE `go_hospital` DISABLE KEYS */;
INSERT INTO `go_hospital` (`GO_HOSPITAL_ID`, `GO_HOSPITAL_PW`, `GO_HOSPITAL_NAME`, `GO_HOSPITAL_PHONE`, `GO_HOSPITAL_BUSINESS_NO`, `GO_HOSPITAL_SCALE`, `GO_HOSPITAL_ZIP_CODE`, `GO_HOSPITAL_ADDRESS`, `GO_HOSPTIAL_ADDRESS_DETAIL`) VALUES
	('hospital_1', 'pw001', '예수병원', '063-230-8114', '401-123-45678', '준종합병원', '123-456', '서원로 365', '상세01'),
	('hospital_2', 'pw002', '본병원', '063-220-0300', '401-123-98765', '2차병원', '123-567', '유연로 276', '상세20'),
	('hospital_3', 'pw003', '전주병원', '063-220-7200', '401-123-76543', '2차병원', '123-678', '한두평3길 13', '상세21'),
	('hospital_4', 'pw004', '전북대병원', '063-250-1114', '401-123-87654', '종합병원', '123-987', '건지로 20', '상세222'),
	('hospital_5', 'pw005', '신기독병원', '063-220-7000', '401-123-65432', '2차병원', '123-876', '거마평로 185', '상세33');
/*!40000 ALTER TABLE `go_hospital` ENABLE KEYS */;


-- 테이블 loverman85의 구조를 덤프합니다. go_hospitalization
CREATE TABLE IF NOT EXISTS `go_hospitalization` (
  `GO_HOSPITALIZATION_CODE` varchar(100) NOT NULL COMMENT '입퇴원코드',
  `GO_TREAT_CODE` varchar(100) NOT NULL COMMENT '진료코드',
  `GO_HOSPITALIZATION_ENTER_DATE` datetime NOT NULL COMMENT '입원일자',
  `GO_HOSPITALIZATION_EXIT_DATE` datetime NOT NULL COMMENT '퇴원일자',
  `GO_HOSPITALIZATION_GO_REGISTRATION_DATE` datetime NOT NULL COMMENT '정부DB등록일자',
  PRIMARY KEY (`GO_HOSPITALIZATION_CODE`),
  KEY `FK_go_treat_TO_go_hospitalization` (`GO_TREAT_CODE`)
) ENGINE=MyISAM DEFAULT CHARSET=utf8 COMMENT='입퇴원';

-- Dumping data for table loverman85.go_hospitalization: 1 rows
/*!40000 ALTER TABLE `go_hospitalization` DISABLE KEYS */;
/*!40000 ALTER TABLE `go_hospitalization` ENABLE KEYS */;


-- 테이블 loverman85의 구조를 덤프합니다. go_medicine
CREATE TABLE IF NOT EXISTS `go_medicine` (
  `GO_MEDICINE_CODE` varchar(10) NOT NULL COMMENT '투약코드',
  `GO_MEDICINE_NAME` varchar(50) NOT NULL COMMENT '투약명',
  PRIMARY KEY (`GO_MEDICINE_CODE`)
) ENGINE=MyISAM DEFAULT CHARSET=utf8 COMMENT='투약명';

-- Dumping data for table loverman85.go_medicine: 638 rows
/*!40000 ALTER TABLE `go_medicine` DISABLE KEYS */;
INSERT INTO `go_medicine` (`GO_MEDICINE_CODE`, `GO_MEDICINE_NAME`) VALUES
	('A01A', '센세돌연질캡슐(옥수수불검화정량추출물)(수출용)'),
	('A01AB', '모가네스프레이(수용성아줄렌)'),
	('A01AD', '덴타-파워캡슐'),
	('A02A', '타나린정(탄산수소나트륨)'),
	('A02AA02', '마그밀에스정(산화마그네슘)'),
	('A02AC01', '이든탄산칼슘정'),
	('A02AD01', '알마트린정'),
	('A02AD03', '알마현탁액1그램(알마게이트)(수출용)'),
	('A02AF02', '가스틴현탁액(수출용)'),
	('A02AH', '탈시딘정'),
	('A02AX', '바로나겔현탁액(수출용)'),
	('A02BA', '라니젠정(수출용)'),
	('A02BA01', '씨메트정(시메티딘)'),
	('A02BA02', '라니딘정75mg(라니티딘염산염)'),
	('A02BA03', '제이에스파모티딘정10밀리그램'),
	('A02BA04', '제니티딘캡슐150밀리그램(니자티딘)'),
	('A02BA08', '라토가정10밀리그램(라푸티딘)'),
	('A02BA53', '복합파모시드정'),
	('A02BC01', '오메졸캡슐(오메프라졸)'),
	('A02BC02', '판토시드주사(판토프라졸나트륨세스키히드레이트)'),
	('A02BC03', '란소플캡슐(란소프라졸)'),
	('A02BC04', '라베프란정10밀리그램(라베프라졸나트륨)'),
	('A02BC05', '넥스온정40mg(에스오메프라졸마그네슘이수화물)'),
	('A02BX', '무코레바정(레바미피드)'),
	('A02BX02', '슈트랄현탁액(수크랄페이트수화물)(수출용)'),
	('A02BX13', '일양바이오알긴산나트륨액'),
	('A02X', '가스티렌정(애엽95%에탄올연조엑스(20→1))'),
	('A03A', '아파베린정'),
	('A03AA05', '제이부틴정(트리메부틴말레산염)'),
	('A03AB06', '브로목틸정40mg(옥틸로늄브롬화물)'),
	('A03AC05', '티롬정(티로프라미드염산염)'),
	('A03AX13', '가스탁액(시메티콘)'),
	('A03AX14', '바레타민당의정(브롬화발레타메이트)'),
	('A03AX58', '판베린연질캡슐'),
	('A03DB04', '스피드퀸정'),
	('A03FA', '모사프딘정(모사프리드시트르산염수화물)'),
	('A03FA01', '프리웰정'),
	('A03FA03', '삼아돔페리돈말레산염정'),
	('A03FA07', '이토프정(염산이토프리드)'),
	('A04AA', '나제론주사액0.3mg(바이알)(라모세트론염산염)'),
	('A05', '비앤유캡슐(수출용)'),
	('A05AA02', '유데카정300mg(우르소데옥시콜산)(수출용)'),
	('A05AX', '대웅디에이치디비연질캡슐500밀리그램(디히드록시디부틸에테르)(수출용)'),
	('A05BA', '리버파워연질캡슐'),
	('A05BA03', '헤파라이프연질캡슐175mg(밀크시슬엑스)'),
	('A05BA06', '드비린캡슐(L-아스파르트산-L-오르니틴수화물)(수출용)(수출명:DHVIRINCapsule)'),
	('A05BA07', '아팔진연질캡슐(아르기닌티디아시케이트)(수출용)'),
	('A06A', '크라시에을자탕엑스세립'),
	('A06AB52', '디세토정'),
	('A06AB58', '피코네이드산'),
	('A06AC51', '생장환과립'),
	('A06AD10\n', '수클리어액'),
	('A06AD11', '알보락수스-에스시럽(락툴로오즈농축액)'),
	('A06AD17', '크리콘정'),
	('A06AD65\n', '쿨라이트산'),
	('A06AD65', '휴온스프리프렙산'),
	('A06AX', '쾌락스정'),
	('A07AX', '타리노정'),
	('A07AX03', '샤젠캡슐(니푸록사지드)'),
	('A07BB', '로페리놀에프캡슐'),
	('A07DA03', '로피딘캡슐(로페라미드염산염)'),
	('A07DA53', '로페시콘츄정'),
	('A07EC02', '메자반트엑스엘장용정1200밀리그램(메살라진)'),
	('A07FA01', '베아비오캡슐(바실루스리케니포르미스균)'),
	('A07XA', '비오베린정'),
	('A07XA04', '하이드라섹산10mg(라세카도트릴)'),
	('A08AA01', '푸리민정18.75밀리그램(펜터민염산염)'),
	('A08AB01', '제로다운캡슐60밀리그램(오르리스타트)'),
	('A08AX', '크라시에방풍통성산엑스세립'),
	('A09A', '페타론정'),
	('A09AA02', '베스크론정'),
	('A09AC', '파파제에프정'),
	('A10AB06', '애피드라주카트리지(인슐린글루리신유전자재조합)'),
	('A10AD06', '리조덱플렉스터치주100단위/밀리리터'),
	('A10AE04', '란투스주카트리지시스템(옵티클릭용)(인슐린글라진유전자재조합)'),
	('A10AE06', '트레시바플렉스터치주200단위/밀리리터(인슐린데글루덱)'),
	('A10BA02', '다이아메트서방정(메트포르민염산염)'),
	('A10BB12', '글리미드정2mg(글리메피리드)'),
	('A10BD', '아베린멕스서방정2/500mg'),
	('A10BD02', '글리메틴엠정'),
	('A10BD09', '네시나액트정25/30밀리그램'),
	('A10BD14', '레파넘엠정2/500mg'),
	('A10BD18', '제미메트서방정25/500밀리그램'),
	('A10BF03', '보글스정0.3밀리그램(보글리보스)'),
	('A10BG03', '액토피스정(피오글리타존염산염)'),
	('A10BH', '테넬리아정20밀리그램(테네리글립틴브롬화수소산염수화물)'),
	('A10BH01', '시타글루정100밀리그램(시타글립틴인산염수화물)'),
	('A10BX', '슈글렛정50밀리그램(이프라글리플로진L-프롤린)'),
	('A10BX04', '바이에타펜주5마이크로그램(엑세나타이드)'),
	('A10BX09', '포시가정10밀리그램(다파글리플로진프로판디올수화물)'),
	('A10BX10', '릭수미아펜주10마이크로그램(릭시세나티드)'),
	('A10BX11', '인보카나정300밀리그램(카나글리플로진반수화물)'),
	('A10BX12', '자디앙정25밀리그램(엠파글리플로진)'),
	('A11AA02', '아이키비타플러스츄어블정'),
	('A11AA03', '센트룸프리네이탈정'),
	('A11AA04', '이파워비타연질캡슐'),
	('A11AB', '진생민연질캡슐(수출용)'),
	('A11BA', '타미풀키즈주(수출용)'),
	('A11CC03', '본키에이연질캡슐0.25마이크로그램(알파칼시돌)(수출용)'),
	('A11CC04', '카린올주사(칼시트리올)(수출용)'),
	('A11CC05', '비타디본주(콜레칼시페롤)'),
	('A11CC20', '경남디데이원츄어블정'),
	('A11DA01', '아로나민정(푸르설티아민염산염)'),
	('A11DB', '액티넘이엑스플러스정'),
	('A11EB', '킹타민100정'),
	('A11EC', '빅콘에스600정'),
	('A11EX', '테라콘600정'),
	('A11GA01', '오코빅주(아스코르브산)'),
	('A11GB', '새코마정'),
	('A11HA30', '지씨비타오주(D-판테놀)'),
	('A11JA', '비트리플정'),
	('A11JB', '세미론연질캡슐'),
	('A11JC', '도미다프리미엄정'),
	('A12AX', '칼디큐정'),
	('A12CB01', '징크아이시럽(황산아연일수화물)'),
	('A12CC02', '대한황산마그네슘주사액10%'),
	('A13A', '크라시에팔미지황환엑스세립'),
	('A15', '제라텐캡슐'),
	('A16AA', '엘티몰액(시트룰린말산염)'),
	('A16AA01', '지씨카르틴주(L-카르니틴)'),
	('A16AB', '엔도나제산(프로나제B)'),
	('A16AB03', '레프라갈주(아갈시다제알파)'),
	('A16AB04', '파바갈주(아갈시다제베타)'),
	('A16AB10', '비프리브주(베라글루세라제알파)'),
	('A16AX', '평위환'),
	('A16AX01', '뉴타시드에이치알정600밀리그램(티옥트산)'),
	('B01AB05', '크녹산주(에녹사파린나트륨)'),
	('B01AB06', '후락시파린주사5700IU(프리필드)(나드로파린칼슘)'),
	('B01AC', '안플리코정(사포그릴레이트염산염)'),
	('B01AC04', '일양바이오클로피도그렐황산염정75밀리그램'),
	('B01AC06', '아사프장용정100mg(아스피린)'),
	('B01AC18', '트리그렌캡슐(트리플루살)'),
	('B01AC23', '실로탄씨알정(실로스타졸)'),
	('B01AX', '크라시에당귀작약산엑스세립'),
	('B01AX05', '아릭스트라주(폰다파리눅스나트륨)'),
	('B02AA02', '디레드캡슐(트라넥삼산)'),
	('B02AB04', '호이콜정100밀리그램(카모스타트메실산염)'),
	('B02BC30', '애르티스'),
	('B02BD02', '진타솔로퓨즈프리필드주(모록토코그알파)(혈액응고인자VIII유전자재조합)'),
	('B03AB', '헤모골드에스캡슐(글루콘산제이철나트륨착염)'),
	('B03AB08', '훼롱-에프캡슐(철-아세틸트랜스페린)'),
	('B03AC', '모노퍼주(철이소말토시드착염)'),
	('B03AD', '훼리틴콤플렉스액'),
	('B03AD04', '헤모포린정'),
	('B03AE01', '헤몰빈큐플러스캡슐'),
	('B03BA05', '메치코발주500마이크로그램(메코발라민)'),
	('B03BB01', '일동폴산정1밀리그램'),
	('B03XA01', '에스포젠프리필드주10000IU/mL(인에리스로포이에틴유전자재조합)(수출명:에리틴프리필드주네'),
	('B03XA02', '네스프프리필드시린지주60(다베포에틴알파)'),
	('B05BA01', '써포타민주'),
	('B05BA02', '리피션에프20%주'),
	('B05BA03', '5%포도당키트주사'),
	('B05BA10', '콤비플렉스리피드페리주'),
	('B05CB01', '대한염화나트륨액'),
	('B05XA03', '생리식염키트주사'),
	('B05XA11', '대한뉴팜염화마그네슘주10%'),
	('B05XA31', '지씨트레이스주'),
	('B05XC', '에이치브이엘에스티베민주사(수출용)'),
	('B05XX', '멀티트레이스5주'),
	('B05Z', '에취디졸비액(탄산수소나트륨)'),
	('B06AC02', '피라지르프리필드시린지(이카티반트아세테이트)'),
	('C01BC03', '리트몰정300mg(프로파페논염산염)'),
	('C01CA03', '큐프린주(노르에피네프린타르타르산염수화물)'),
	('C01DA08', '이소비지속성캡슐(지속성질산이소소르비드펠렛)(수출용)'),
	('C01EA01', '에글란딘주(알프로스타딜)'),
	('C01EB10', '동구아데노신주90mg(수출용)'),
	('C01EX', '안심환(천왕보심단)'),
	('C02CA04', '프조신엑스엘서방정(독사조신메실산염)'),
	('C02DC01', '명문미녹시딜정5mg(수출용)'),
	('C02KX01', '트라시스타정125밀리그램(보센탄수화물)'),
	('C02KX04', '옵서미트정10밀리그램(마시텐탄)'),
	('C02KX05', '아뎀파스정0.5밀리그램(리오시구앗)'),
	('C03DA01', '명문스피로락톤정(스피로노락톤)(수출용)'),
	('C03X', '크라시에오령산엑스세립'),
	('C04AD03', '씨엠지펜톡시필린서방정400mg(펜톡시필린)'),
	('C04AF01', '카레인정50단위(칼리디노게나제)'),
	('C04AX', '리마원정(리마프로스트알파덱스)'),
	('C04AX21', '바스로닐정(나프로닐옥살산염)'),
	('C05AD07', '라모카인크림(프라목신염산염)'),
	('C05AX', '헤모로이달앤드탑피컬애널지직연고(디부카인)(수출용)(수출명:HemorrhoidalandTop'),
	('C05AX02', '마스투-에스좌제'),
	('C05AX03', '푸레파레숀에이치헤모로이달크림(수출용)(수출명:PreparationHHemorrhoidalC'),
	('C05B', '베리카벤정'),
	('C05BB04', '파이브로베인주0.2%(테트라데실황산나트륨)'),
	('C05BX01', '도베라정(도베실산칼슘수화물)'),
	('C05CA03', '디소론캡슐(디오스민)'),
	('C05CX', '비티엘라캡슐(비티스비니페라엽엑스)'),
	('C07AB03', '아테렉스정(아테놀올)'),
	('C07AB07', '콩브럭정1.25밀리그램(비소프롤롤푸마르산염)'),
	('C07AB12', '네비스타정(네비보롤염산염)'),
	('C07AG02', '베디롤정25밀리그람(카르베딜롤)'),
	('C08CA01', '에스암로민정2.5mg(에스암로디핀베실산염2.5수화물)'),
	('C08CA02', '무노디핀지속정5밀리그램(펠로디핀)'),
	('C08CA04', '니칼핀주사액(니카르디핀염산염)'),
	('C08CA05', '동구니페디핀연질캡슐5mg(수출용)'),
	('C08CA13', '레리칸정(레르카니디핀염산염)'),
	('C09AA02', '프리텍정(에날라프릴말레산염)'),
	('C09CA01', '로탄정(로사르탄칼륨)'),
	('C09CA03', '발데리드정80mg(발사르탄)'),
	('C09CA04', '이벨탄정150mg(이르베사르탄)(수출용)'),
	('C09CA06', '칸데사르정16밀리그램(칸데사르탄실렉세틸)'),
	('C09CA07', '실리토정40밀리그램(텔미사르탄)'),
	('C09CA08', '한국콜마올메사탄정40밀리그램(올메사탄메독소밀)'),
	('C09CA10', '카나브정120밀리그램(피마살탄칼륨삼수화물)'),
	('C09DA01', '로탄플러스정'),
	('C09DA03', '디발탄플러스정160/12.5밀리그램'),
	('C09DA04', '아티라타정300/12.5밀리그램(수출용)'),
	('C09DA06', '칸데라플러스정16/12.5밀리그램'),
	('C09DA07', '텔미플러스브이정80/12.5밀리그램'),
	('C09DA08', '대웅올메사탄플러스정20/12.5밀리그램'),
	('C09DB01', '엑스페라정10/160밀리그램'),
	('C09DB02', '세비텐션정5/40밀리그램'),
	('C10AA01', '심바로틴정40mg(심바스타틴)(수출용)'),
	('C10AA05', '일양바이오아토르바스타틴칼슘삼수화물정20밀리그램'),
	('C10AA07', '이텍스로수바스타틴칼슘정5mg'),
	('C10AA08', '피타바스정4밀리그램(피타바스타틴칼슘)'),
	('C10AB05', '페노바정(페노피브레이트)'),
	('C10AX06', '뉴마코연질캡슐(오메가-3-산에틸에스테르90)'),
	('C10BA04', '콜립정145/40밀리그램'),
	('C10BA05', '아토젯정10/10밀리그램'),
	('C10BX', '로벨리토정300/20밀리그램'),
	('C10BX03', '암로스틴정5mg/20mg'),
	('C10BX10', '로바티탄정20/160밀리그램'),
	('D01A', '에코라스크림(수출용)'),
	('D01AC', '라이코트크림'),
	('D01AC08', '서울케토코나졸크림(수출용)'),
	('D01AC20', '하이졸크림'),
	('D01AE', '무조무알파에어로솔'),
	('D01AE14', '네일애네일라카(시클로피록스)'),
	('D01AE15', '에나졸크림(테르비나핀염산염)'),
	('D01AE16', '한국콜마로마릴크림(아모롤핀염산염)(수출용)'),
	('D01AE22', '라미디핀크림(나프티핀염산염)'),
	('D01BA02', '라미핀정(테르비나핀염산염)'),
	('D02AB', '태극크리미크림13%(산화아연)(수출용)'),
	('D03AX', '더이렌스연고(구아야줄렌)'),
	('D03AX03', '덱스놀연고(덱스판테놀)'),
	('D03AX12', '비아핀에멀젼(트롤아민)'),
	('D04A', '바물린에스겔'),
	('D04AA', '골드본드안티이치크림(수출용)'),
	('D05AX52', '베타트리올연고'),
	('D06AX', '한국콜마트리플플러스연고(수출용)'),
	('D06AX01', '클리딘에프연고(퓨시드산나트륨)'),
	('D06AX08', '티트로신겔(티로트리신)'),
	('D06BA03', '썰마크림(마페니드아세트산염)'),
	('D06BX01', '메니겔(메트로니다졸)'),
	('D06BX02', '피카토겔0.05%(인게놀메뷰테이트)'),
	('D07AA02', '하이드로션2.5%(히드로코르티손)'),
	('D07AB08', '마일드원크림0.05%(데소나이드)'),
	('D07AC03', '데속시원겔0.05%(데속시메타손)'),
	('D07AC08', '제이드크림(플루오시노니드)'),
	('D07AC13', '제이코트엠크림(모메타손푸로에이트)(수출용)'),
	('D07AC18', '더모탑크림(프레드니카르베이트)'),
	('D07AD01', '코베이트액(클로베타솔프로피오네이트)'),
	('D07CB01', '겐티마손크림10그람(수출용)'),
	('D07CC01', '제벤다크림'),
	('D07XA01', '아로마솔크림'),
	('D08AC52', '카밍크림'),
	('D08AG02', '베타딘크림5%(포비돈요오드)'),
	('D10A', '듀악겔3%'),
	('D10AD01', '휴온스-에이크림0.01%(트레티노인)'),
	('D10AD04', '비티오이소트레티노인겔0.1%(수출용)'),
	('D10AE01', '실키겔5%(가수과산화벤조일)'),
	('D10AF05', '나딕사크림(나디플록사신)'),
	('D10AF06', '클라론로오숀10%(설파세타미드나트륨)'),
	('D10BA01', '트레인연질캡슐(이소트레티노인)'),
	('D11AF', '재우스오라쿠고에이취플라스타(살리실산)'),
	('D11AX', '크라시에십미패독탕엑스세립'),
	('D11AX10', '피나스칸정1mg(피나스테리드)'),
	('G01AA51', '비티폴질연질캡슐(수출용)'),
	('G01AX11', '지노베타딘페미닌겔10%(포비돈요오드)'),
	('G02CX', '유니쎈타주(자하거추출물)'),
	('G03AA10', '디어미정'),
	('G03AD01', '레보스텔정(레보노르게스트렐)(수출용)'),
	('G03CA04', '오베스틴질좌제(에스트리올)'),
	('G03CA57', '듀아비브정0.45/20밀리그램'),
	('G03GA02', '아이브이에프엠에이치피멀티도즈주600아이유(메노트로핀에이치피)'),
	('G03X', '트로버정200밀리그램(건조레드클로버엑스)'),
	('G04BD04', '안트롤겔(옥시부티닌)'),
	('G04BD06', '유로나정10mg(프로피베린염산염)'),
	('G04BD08', '솔리나정5mg(솔리페나신숙신산염)'),
	('G04BD12', '베타미가서방정25밀리그램(미라베그론)'),
	('G04BE03', '나비그라정100밀리그램(실데나필시트르산염)'),
	('G04BE08', '리드메인구강용해필름20mg(타다라필)'),
	('G04BE10', '제피드정100mg'),
	('G04BE11', '자이데나정200밀리그람(유데나필)'),
	('G04BX', '크라시에육미지황환엑스세립'),
	('G04CA01', '유로지트엑스엘정(알푸조신염산염)'),
	('G04CA02', '티피로신캡슐(탐스로신염산염)'),
	('G04CA03', '테라조정(테라조신염산염수화물)'),
	('G04CA04', '트루패스정4밀리그램(실로도신)'),
	('G04CB01', '피나스칸정5mg(피나스테리드)'),
	('G04CB02', '두아보연질캡슐0.5밀리그램(두타스테리드)'),
	('G04CX', '프로스타토닌'),
	('H01AC01', '싸이트로핀에이카트리지주10mg(30IU)(소마트로핀)'),
	('H01BA02', '데니린세립0.2밀리그램(데스모프레신아세트산염)'),
	('H01BA04', '테리핀에스주(테를리프레신아세트산염)'),
	('H01CB01', '소마토린주3밀리그램(소마토스타틴)'),
	('H02AB02', '덱사소론정0.75밀리그람(덱사메타손)'),
	('H02AB04', '베아솔론정(메틸프레드니솔론)'),
	('H05BX02', '젬플라주2마이크로그램(앰플)(파리칼시톨)'),
	('J01AA02', '독시정(독시사이클린수화물)'),
	('J01CA12', '동구피페라실린나트륨주1g(수출용)'),
	('J01CR01', '펜타실린주3g(암피실린나트륨-설박탐나트륨)(수출용)'),
	('J01CR02', '자쿠텍스네오시럽(아목시실린수화물-묽은클라불란산칼륨)'),
	('J01CR03', '테오클주1.6g(수출용)'),
	('J01CR05', '콤페탐주3g(수출용)'),
	('J01DB05', '쎄파실캡슐(세파드록실수화물)'),
	('J01DB06', '경보세파제돈나트륨주1그램'),
	('J01DB12', '화일세프테졸나트륨주1g'),
	('J01DC02', '글로세푸록심정(세푸록심악세틸)'),
	('J01DC03', '슈넬세파만돌주1그램(세파만돌나페이트)'),
	('J01DC04', '세파론캡슐250밀리그램(세파클러수화물)'),
	('J01DC12', '세프노주1그램(세프미녹스나트륨수화물)'),
	('J01DC14', '일동후루마린주사1그램(플로목세프나트륨)'),
	('J01DD01', '케이탁심주2그람(세포탁심나트륨)'),
	('J01DD02', '타지드주1그램(세프타지딤수화물)'),
	('J01DD04', '스포트린주1그램(세프트리악손나트륨수화물)'),
	('J01DD08', '이연세픽심캡슐(세픽심수화물)'),
	('J01DD13', '코프심건조시럽50mg/5mL(세프포독심프록세틸)'),
	('J01DE01', '세핌주2g(세페핌염산염)(수출용)(수출명:SACOMCEF2g)'),
	('J01DH02', '대웅메로페넴주1그램(메로페넴수화물)(수출용)'),
	('J01FA06', '로미타신정(록시트로마이신)(수출용)'),
	('J01FA09', '크래신정250밀리그램(클래리트로마이신)'),
	('J01FA10', '마더스아지트로마이신정250mg(아지트로마이신수화물)(수출용)'),
	('J01FF01', '마더스클린다마이신캡슐300mg(클린다마이신염산염)(수출용)'),
	('J01GB06', '아스카신주(아미카신황산염)'),
	('J01MA01', '웰플록스케이정(오플록사신)(수출용)(수출명:WELLFLOX-KTab.)'),
	('J01MA02', '시프록스주(시프로플록사신)'),
	('J01MA12', '레포리아정500mg(레보플록사신수화물)(수출용)'),
	('J01MA14', '리목스정400밀리그램(목시플록사신염산염)'),
	('J01XA01', '오스코반코마이신주0.5g(반코마이신염산염)'),
	('J01XB01', '엘콜리스틴주100만단위(콜리스틴메탄설포네이트나트륨)'),
	('J01XX08', '한올리네졸리드정600밀리그램'),
	('J02AC01', '일양바이오플루코나졸정150밀리그램'),
	('J02AC02', '트리코나정(이트라코나졸고체분산체)'),
	('J04AD01', '이텍스프로티온아미드정250mg(수출용)'),
	('J04AK02', '튜톨정400밀리그램(에탐부톨염산염)'),
	('J04AK05', '서튜러정100밀리그램(베다퀼린푸마르산염)'),
	('J04AK06', '델티바정50밀리그램(델라마니드)'),
	('J04AM02', '튜비스투정150/300밀리그램'),
	('J05AB09', '일양바이오팜시클로비르정250밀리그램'),
	('J05AB11', '발락시정(발라시클로비르염산염1.5수화물)'),
	('J05AD01', '포스카비어주(포스카네트나트륨수화물)'),
	('J05AE03', '노비르캅셀100밀리그람(리토나비르)'),
	('J05AE12', '빅트렐리스캡슐200밀리그램(보세프레비르)'),
	('J05AF05', '헵토리버정100mg(라미부딘)'),
	('J05AF08', '리벡실정(아데포비어디피복실)'),
	('J05AF10', '엔테르정1.0밀리그램(엔테카비르)'),
	('J05AR08', '컴플레라정'),
	('J05AR10', '칼레트라캅셀'),
	('J05AX02', '다짐정(리소짐염산염)(수출용)(DazymTab.)'),
	('J05AX05', '콕사바시럽(이노시플렉스)'),
	('J05AX12', '티비케이정50밀리그램(돌루테그라비르나트륨)'),
	('J06BA02', '리브감마에스앤주[말토즈첨가사람면역글로불린(pH4.25)]'),
	('J07A', '보령디티에이피백신주(프리필드시린지)(흡착디프테리아파상풍톡소이드및정제백일해혼합백신)'),
	('J07AH08\n', '메낙트라주(수막구균다당류디프테리아톡소이드접합백신)'),
	('J07BA02', '보령세포배양일본뇌염백신주(건조세포배양일본뇌염백신)'),
	('J07BB02', '보령플루백신VIII-TF주(프리필드시린지)(인플루엔자분할백신)'),
	('J07BC02', '박타주(A형간염백신)'),
	('J07BD54', '프리오릭스-테트라주(홍역유행성이하선염풍진및수두혼합생바이러스백신)'),
	('J07BF03', '코박스폴리오PF주(프리필드시린지)(개량불활화폴리오백신)'),
	('J07CA11', '퀸박셈씨피에이디주(수출용)[디프테리아파상풍톡소이드백일해비형간염(유전자재조합)및헤모필루스인플'),
	('L01BA01', '일동메토트렉세이트주사(수출용)'),
	('L01BA04', '펨타주300밀리그램(페메트렉시드이나트륨2.5수화물)'),
	('L01BB05', '삼오플루다라빈주(플루다라빈포스페이트)'),
	('L01BC', '독시플루캡슐200mg(독시플루리딘)'),
	('L01BC01', '중외시타라빈바이알주사액'),
	('L01BC02', '유토랄주500밀리그램(플루오로우라실)'),
	('L01BC05', '호스피라젬시타빈액상주'),
	('L01BC06', '젤카타빈정500밀리그램(카페시타빈)'),
	('L01CD01', '일동파클리탁셀주사(수출용)'),
	('L01DB01', '카스프리아주(리포좀화한독소루비신염산염)'),
	('L01XA01', '산도스시스플라틴주0.5mg/mL'),
	('L01XA02', '카보틴주(카르보플라틴)(수출용)'),
	('L01XA03', '일동옥살리플라틴주사50밀리그램(수출용)'),
	('L01XC02', '맙테라피하주사1400밀리그램(리툭시맙)(유전자재조합)'),
	('L01XC03', '허셉틴피하주사600밀리그램(트라스투주맙)'),
	('L01XC11', '여보이주50밀리그램/10밀리리터(이필리무맙유전자재조합)'),
	('L01XC14', '캐싸일라주160밀리그램(트라스투주맙엠탄신)'),
	('L01XC15', '가싸이바주(오비누투주맙유전자재조합)'),
	('L01XE01', '글리티브필름코팅정300밀리그램(이매티닙메실산염)'),
	('L01XE03', '엘라닙정150밀리그램(엘로티닙염산염)'),
	('L01XE13', '지오트립정40밀리그램(아파티닙이말레산염)'),
	('L01XE23', '타핀라캡슐75밀리그램(다브라페닙메실산염)'),
	('L01XE27', '임브루비카캡슐140밀리그램(이브루티닙)'),
	('L01XE28', '자이카디아캡슐150밀리그램(세리티닙)'),
	('L01XX14', '베사노이드연질캡슐10밀리그램(트레티노인)'),
	('L01XX19', '일동이리노테칸주사(이리노테칸염산염)(수출용)'),
	('L01XX44', '잘트랩주25mg/mL(애플리버셉트)'),
	('L02BB03', '카스델정150밀리그램(비칼루타마이드)'),
	('L02BG04', '파누엘정2.5밀리그램(레트로졸)'),
	('L03AA', '뉴라펙프리필드시린지주(페그테오그라스팀)'),
	('L03AA02', '류코스팀주사액프리필드시린지480마이크로그램(재조합휠그라스팀)'),
	('L03AB10', '코페론주120마이크로그램(수출용)(페그인터페론알파-2b)'),
	('L03AX', '마더스티모모둘린캡슐(티모모둘린)(수출용)'),
	('L03AX05', '아디모드산(피도티모드)'),
	('L03AX13', '코팍손프리필드주40mg/1ml(글라티라머아세트산염)'),
	('L04AA06', '마이렙트현탁용분말1g/5ml(미코페놀레이트모페틸)'),
	('L04AA13', '루알바정10밀리그램(레플루노미드)'),
	('L04AA23', '티사브리주(나탈리주맙)'),
	('L04AA29', '젤잔즈정5밀리그램(토파시티닙시트르산염)'),
	('L04AA34', '맵캠파스주(알렘투주맙)(유전자재조합의약품'),
	('L04AB01', '다빅트렐주사25밀리그램(에타너셉트)(유전자재조합)'),
	('L04AB04', '휴미라주40밀리그램바이알(아달리무맙유전자재조합)'),
	('L04AB06', '심퍼니프리필드시린지주(골리무맙유전자재조합)'),
	('L04AC07', '악템라피하주사162밀리그램(토실리주맙)(유전자재조합)'),
	('L04AD01', '종근당사이클로스포린세립17%(사이클로스포린)(수출용)'),
	('L04AD02', '타크로벨캡슐5밀리그램(타크로리무스수화물)(수출용)'),
	('L04AX06', '포말리스트캡슐1밀리그램(포말리도마이드)'),
	('M01AB05', '하원디클로페낙베타주2mL(디클로페낙β-디메틸아미노에탄올)'),
	('M01AB15', '케톨민주(케토롤락트로메타민)'),
	('M01AB16', '아리펜정(아세클로페낙)'),
	('M01AC01', '동구피록시캄칼륨주20mg(수출용)'),
	('M01AC06', '록시칼캡슐(멜록시캄)'),
	('M01AE', '잘트로펜정(잘토프로펜)'),
	('M01AE01', '비알이부펜시럽(이부프로펜)'),
	('M01AE02', '나프로센연질캡슐(나프록센)'),
	('M01AE14', '텍트펜연질캡슐(덱시부프로펜)'),
	('M01AE51', '마로펜연질캡슐'),
	('M01AE52', '신플랙스세이프정500/20밀리그램'),
	('M01AH01', '쎄레민캡슐(세레콕시브)'),
	('M01AH05', '알콕시아정30밀리그램(에토리콕시브)'),
	('M01AX', '타리겐정(탈니플루메이트)'),
	('M01AX21', '루디아캡슐50밀리그램(디아세레인)'),
	('M01AX22', '모루밍정(모니플루메이트)'),
	('M02AA07', '필로젠겔(피록시캄)'),
	('M02AA10', '제파인겔(케토프로펜)'),
	('M02AA15', '알보펜디플라스타(디클로페낙디에틸암모늄)'),
	('M02AA19', '루비펜플라스타(플루르비프로펜)'),
	('M02AC', '제이스킨액'),
	('M03AC02', '갈라시드주(갈라민트리에티오디드)'),
	('M03AX01', '나보타주50단위(클로스트리디움보툴리눔독소A형)'),
	('M03BA53', '아나렉센정'),
	('M03BB03', '속사존정(클로르족사존)'),
	('M03BB53', '펜크린정'),
	('M03BX01', '한독바클로펜정10밀리그람'),
	('M03BX09', '세페리손정(에페리손염산염)'),
	('M05BA04', '포사론정(알렌드론산나트륨수화물)'),
	('M05BA06', '아미카본주(이반드론산나트륨일수화물)'),
	('M05BA07', '리세나정150밀리그램(리세드론산나트륨일수화물)'),
	('M05BA08', '조본주사액4밀리그램/5밀리리터(졸레드론산일수화물)'),
	('M05BB03', '대웅알렌드로네이트디정'),
	('M05BB07', '리드론플러스정'),
	('M05BX04', '엑스지바주(데노수맙)'),
	('M09AB', '키아제정(스트렙토키나제·스트렙토도르나제)'),
	('M09AB52', '브로모타제정(수출용)'),
	('M09AX', '정우오적산(단미엑스산혼합제)'),
	('M09AX01', '히로나플러스주(프리필드)(히알루론산나트륨)'),
	('N01AH01', '하나구연산펜타닐주사'),
	('N01AH03', '삼양바이오팜수펜타닐주사(구연산수펜타닐)'),
	('N01AH06', '레미바주5밀리그램(레미펜타닐염산염)'),
	('N01AX10', '프리폴-엠시티주2%(프로포폴)'),
	('N01BA05', '보일연고20%(아미노벤조산에틸)(수출용)'),
	('N01BB', '리카엔플러스크림'),
	('N01BB02', '번카인연고(리도카인)'),
	('N01BB52', '휴온스에피리드배합주(수출용)'),
	('N01BB58', '포시카인주100'),
	('N02AA05', '옥시넘주사10mg/ml(옥시코돈염산염)'),
	('N02AB03', '앱스트랄설하정400마이크로그램(펜타닐시트르산염)'),
	('N02AX02', '동구트라마돌염산염주100mg(수출용)'),
	('N02AX06', '뉴신타아이알정75밀리그램(타펜타돌염산염)'),
	('N02AX52', '트라임세미정'),
	('N02BA51', '알카파워정'),
	('N02BE01', '프놈펜정(아세트아미노펜제피세립)'),
	('N02BE51', '펜크린나이트정'),
	('N02BG', '크라시에의이인탕엑스세립'),
	('N02BG06', '네큐팜주사액(네포팜염산염)'),
	('N02CC04', '맥살트멜트구강붕해정10밀리그램(리자트립탄벤조산염)'),
	('N02CX', '익스트린엠캡슐'),
	('N03AA02', '페노탈정(페노바르비탈)(동물용)'),
	('N03AB52', '디펠정100밀리그람'),
	('N03AE01', '환인클로나제팜정0.5밀리그램'),
	('N03AF02', '옥사제핀정150mg(옥스카르바제핀)'),
	('N03AF03', '이노베론필름코팅정100mg(루피나미드)'),
	('N03AG01', '발핀연질캡슐500mg(발프로산)'),
	('N03AX11', '토피메정100밀리그램(토피라메이트)'),
	('N03AX12', '가바킹캡슐300mg(가바펜틴)'),
	('N03AX14', '메레티레브정500밀리그램(레비티라세탐)'),
	('N03AX16', '리프렌캡슐75밀리그램(프레가발린)'),
	('N04BC05', '파킨펙솔정0.5밀리그램(프라미펙솔염산염일수화물)'),
	('N05AH03', '자이렉사정10밀리그램(올란자핀)'),
	('N05AL05', '한림아미설프리드정400밀리그램'),
	('N05AX08', '리스펠돈정2mg(리스페리돈)'),
	('N05AX12', '아리디정10밀리그램(아리피프라졸)'),
	('N05BA12', '명문알프라졸람정0.5밀리그램'),
	('N05BB01', '센티락스정(염산히드록시진)'),
	('N05BE01', '부스원정10mg(부스피론염산염)'),
	('N05BX03', '스트레삼캡슐(에티폭신염산염)'),
	('N05C', '레돌민정'),
	('N05CC01', '포크랄시럽(포수클로랄)(수출용)'),
	('N05CF02', '스틸렉스정10밀리그램(졸피뎀타르타르산염)'),
	('N05CH01', '서카딘서방정2mg(멜라토닌)'),
	('N05CM', '국전염산디펜히드라민(원료)'),
	('N06AA12', '사일레노정6밀리그램(독세핀염산염)'),
	('N06AB03', '펄세틴캡슐(플루옥세틴염산염)'),
	('N06AB05', '팍실CR정37.5밀리그램(파록세틴염산염수화물)'),
	('N06AB10', '산도스에스시탈로프람정20밀리그램'),
	('N06AX05', '명인트라조돈염산염정25mg'),
	('N06AX11', '밀타정15mg(미르타자핀)'),
	('N06AX12', '부로피온정(부프로피온염산염)'),
	('N06AX14', '티아네틴정(티아넵틴나트륨)'),
	('N06AX21', '듀로셉톨캡슐60밀리그램(둘록세틴염산염)'),
	('N06AX23', '프리스틱서방정50밀리그램(데스벤라팍신숙신산염일수화물)'),
	('N06AX26', '브린텔릭스정15밀리그램(보티옥세틴브롬화수소산염)'),
	('N06BA09', '도모틴캡슐40밀리그램(아토목세틴염산염)'),
	('N06BX', '세라빈씨주(돼지뇌펩티드)'),
	('N06BX03', '마더스피라세탐정800mg(피라세탐)(수출명:Mother’sPiracetamTablet800'),
	('N06BX06', '휴온스시티콜린정500mg(수출용)'),
	('N06BX12', '아카멘드정(아세틸-L-카르니틴염산염)'),
	('N06DA02', '도네세트정5mg(도네페질염산염)'),
	('N06DA03', '휴온스리바스티그민패취10'),
	('N06DX', '징코산캅셀'),
	('N06DX01', '동구메만틴염산염정10밀리그램(수출용)'),
	('N06DX02', '징큐라민정(은행엽엑스)'),
	('N07AX', '경진황기엑스산'),
	('N07AX01', '현대필로카르핀정(필로카르핀염산염)'),
	('N07AX02', '제이콜린연질캡슐(콜린알포세레이트)'),
	('N07BA01', '엑소덤패취(니코틴)(수출명:Exoderm)'),
	('N07BB04', '환인날트렉손정25밀리그램(날트렉손염산염)'),
	('N07CA01', '베스틴정(베타히스틴메실산염)(수출용)'),
	('N07CA02', '마이그리진정(신나리진)'),
	('N07XX', '크라시에시호가용골모려탕엑스세립'),
	('N07XX02', '유리텍정(리루졸)'),
	('N07XX07', '삼오팜프리딘서방정10밀리그램(팜프리딘)'),
	('P01BA02', '듀록정400밀리그램(히드록시클로로퀸황산염)'),
	('R01AA05', '시원타조아나잘스프레이(옥시메타졸린염산염)'),
	('R01AA07', '메타리빈액0.05%(자일로메타졸린염산염)'),
	('R01AB02', '비쿨점비액'),
	('R01AD03', '에리자스나잘스프레이(덱사메타손시페실레이트)'),
	('R01AD09', '비알코넥스나잘스프레이(모메타손푸로에이트)'),
	('R01AX10', '메타리빈나잘워시액(염화나트륨)(수출명:오션나잘액)'),
	('R01BA52', '러지피드정'),
	('R01BA53', '페브로민-에이정'),
	('R02A', '익수허브콜액(은교산)'),
	('R02AA05', '울티클가글액0.12%(클로르헥시딘글루콘산염액)'),
	('R02AA15', '베타딘인후스프레이(포비돈요오드)'),
	('R03AC02', '산도스살부타몰흡입제(살부타몰황산염)'),
	('R03AK06', '에어플루잘포스피로100'),
	('R03AK10', '렐바100엘립타'),
	('R03AL03', '아노로62.5엘립타'),
	('R03AL04', '울티브로흡입용캡슐110/50마이크로그램'),
	('R03BA02', '영일부데소니드액(부데소니드)(수출용)'),
	('R03BB05', '에클리라제뉴에어400마이크로그램(아클리디니움브롬화물(미분화))'),
	('R03DA', '뮤코테인캡슐(아세브로필린)'),
	('R03DC02', '프란루캡슐(프란루카스트수화물)'),
	('R03DC03', '글로레어츄정5밀리그램(몬테루카스트나트륨)'),
	('R05CA12', '비알헤데푸시럽(아이비엽70%에탄올유동엑스)'),
	('R05CB01', '일양바이오아세틸시스테인과립200밀리그램'),
	('R05CB06', '한국콜마암브록솔염산염정(수출용)'),
	('R05CB10', '속콜기가연질캡슐'),
	('R05CB15', '엘스탄트캡슐(에르도스테인)'),
	('R05DB27', '레보드로브이정60밀리그램(레보드로프로피진)'),
	('R05F', '정우소청룡탕(단미엑스산혼합제)'),
	('R05FA02', '코대원포르테시럽'),
	('R05FB02', '브롬콜액'),
	('R05X', '제이에스콜드정'),
	('R06AA02', '디히스타주(염산디펜히드라민)(수출용)'),
	('R06AB04', '페닐주(클로르페니라민말레산염)'),
	('R06AB54', '제이코연질캡슐'),
	('R06AE05', '엠클리진정(메클리진염산염수화물)'),
	('R06AE07', '헬프로단테정(세티리진염산염)'),
	('R06AE09', '네티진정(레보세티리진염산염)'),
	('R06AX', '알피올로파타딘정(올로파타딘염산염)'),
	('R06AX13', '로라젠정(로라타딘)'),
	('R06AX17', '코니펜정(케토티펜푸마르산염)'),
	('R06AX19', '아젤라스정(아젤라스틴염산염)'),
	('R06AX24', '알러메드정(에피나스틴염산염)'),
	('R06AX26', '알레톡정120mg(펙소페나딘염산염)'),
	('R07AX', '비알펠카민시럽(펠라고니움시도이데스11%에탄올추출물(1→8∼10)·글리세린혼합액(8:2))'),
	('S01AA12', '제브라신점안액(토브라마이신)(수출용)'),
	('S01AE01', '제오록사신점안액(오플록사신)(수출용)'),
	('S01AE05', '제록사신점안액(레보플록사신수화물)(수출용)'),
	('S01AE07', '비가플로점안액0.5%(목시플록사신염산염)'),
	('S01BA07', '제메론점안액(플루오로메톨론)(수출용)'),
	('S01BC03', '디페낙점안액(디클로페낙나트륨)'),
	('S01BC09', '프라노아이점안액(프라노프로펜)'),
	('S01BC10', '네바낙점안현탁액(네파페낙)'),
	('S01CA01', '토브덱손점안액(수출용)'),
	('S01CC', '마린아이에스점안액'),
	('S01E', '브리딘플러스점안액'),
	('S01EC01', '아세타졸정(아세타졸아미드)'),
	('S01ED51', '티어솝프리점안액'),
	('S01EE01', '오스탄점안액(라타노프로스트)'),
	('S01FA05', '한림호마핀점안액(호마트로핀브롬화수소산염)'),
	('S01FA56', '프리디아점안액'),
	('S01GA', '오리지널릴리프점안액(테르라히드로졸린염산염)(수출용)'),
	('S01GA02', '테졸린점안액(염산테트라히드로졸린)(수출용)'),
	('S01GA51', '알레졸점안액(수출용)'),
	('S01GA52', '옵티브이플러스점안액'),
	('S01GX', '알러아이점안액0.1%(아시타자노라스트수화물)'),
	('S01GX01', '아이크롬점안액(크로몰린나트륨)'),
	('S01GX08', '제알리스점안액(케토티펜푸마르산염)(수출용)'),
	('S01GX09', '제놀타딘점안액(올로파타딘염산염)(수출용)'),
	('S01GX10', '에피나틴점안액0.05%(에피나스틴염산염)'),
	('S01LA', '유유빌베리건조엑스연질캡슐(빌베리건조엑스)(수출용)(수출명:아이톱연질캡슐I-topsoftca'),
	('S01XA', '제히알점안액(히알루론산나트륨)(수출용)'),
	('S01XA18', '히알스포린점안액0.05%(사이클로스포린)'),
	('S01XA20', '아이피스점안액(카르복시메틸셀룰로오스나트륨)'),
	('S01XA22', '제트리아주(오크리플라스민)'),
	('S02AA16', '오트비드점이액(오플록사신)'),
	('V01AA', '에코덤합텐항원류'),
	('V03AB25', '루제닐주사(플루마제닐)'),
	('V03AB32', '지씨타치온주600mg(글루타티온환원형)'),
	('V03AE', '칼슈트정(아세트산칼슘)'),
	('V03AE01', '카립트과립(폴리스티렌설폰산칼슘)'),
	('V03AF02', '카디옥산주500밀리그램(덱스라족산)'),
	('V03AF04', '레보레스큐주사25밀리그램(레보폴리네이트칼슘오수화물)'),
	('V03AF06', '보리나2.5%주사(로이코보린소디움)'),
	('V03AF10', '레보폴릭주(레보폴린산)'),
	('V04', '프렌드비엔피'),
	('V04B', '슈얼리배란테스트스트립'),
	('V04CF', '바이오크레디트티비항체(수출용)'),
	('V04CX', '바이오크레디트로타항원'),
	('V06B', '케토그날정(수출용)'),
	('V06DX', '함소아시스독신정'),
	('V07AB', '피알정제수'),
	('V07AT', '쓰리엠에스페페록사이드겔(과산화수소수35%)'),
	('V07AV', '테라크린액(글루타랄농축액)'),
	('V08AB02', '레이헥솔주350(이오헥솔)(수출용)'),
	('V08AB04', '레이팜370주사액(이오파미돌)'),
	('V08AB05', '레이프로주370(이오프로마이드)(수출용)'),
	('V08AB07', '레이버솔주350(이오버솔)(수출용)'),
	('V08AB10', '이오메론250주사액(이오메프롤)'),
	('V08CA01', '엠알베스터프리필드실린지주'),
	('V09AX01', '말린크로트인듐펜테틱산[Indium(In111)DTPA]주'),
	('V09AX06', '뉴라체크주사(18F플로르베타벤)'),
	('V09B', '텍시빌테세오스주(33-디포스포노-12-프로판디카르복실산나트륨)'),
	('V09CA02', '텍시빌레노시스주(디메르캅토숙신산)'),
	('V09DB04', '듀켐소듐플루오라이드(18F)주사액'),
	('V09FX01', '테크시스과테크네튬산나트륨(99mTc)주사액제너레이터'),
	('V09GA01', '텍시빌스테미시스주(테트라키스(2-메톡시이소부틸이소니트릴)구리(I)테트라플루오로보레이트)'),
	('V09GX', '서울대학교암모니아N-13주사액'),
	('V09GX01', '텍시빌씨아이에스염화탈륨(201Tl)주'),
	('V09HX01', '텍시빌구연산갈륨(67Ga)주'),
	('V09IX', '퓨쳐켐에프피씨아이티(플루오로프로필씨아이티(18F))'),
	('V09IX04', '씨코헬스케어에프디지주사액(2-데옥시-2플루오로-D-글루코스(18F))'),
	('V10XA01', '유니텍요오드화나트륨(131I)캡슐(수출용:요오드화나트륨30호요오드화나트륨50호)'),
	('V10XX03', '조피고주(라듐-223염화물)');
/*!40000 ALTER TABLE `go_medicine` ENABLE KEYS */;


-- 테이블 loverman85의 구조를 덤프합니다. go_prescription
CREATE TABLE IF NOT EXISTS `go_prescription` (
  `GO_PRESCRIPTION_RESULT_CODE` varchar(80) NOT NULL COMMENT '처방코드',
  `GO_TREAT_CODE` varchar(100) NOT NULL COMMENT '진료코드',
  `GO_MEDICINE_CODE` varchar(10) NOT NULL COMMENT '투약코드',
  `GO_PRESCRIPTION_RESULT_INJECTION_NUMBER` varchar(10) NOT NULL COMMENT '1일투약횟수',
  `GO_PRESCRIPTION_RESULT_DOSAGE` varchar(10) NOT NULL COMMENT '1회투여량',
  `GO_PRESCRIPTION_RESULT_TOTAL_DATE` varchar(10) NOT NULL COMMENT '총투약일수',
  `GO_PRESCRIPTION_RESULT_USAGE` varchar(10) NOT NULL COMMENT '용법',
  `GO_PRESCRIPTION_RESULT_WRITE_DATE` datetime NOT NULL COMMENT '처방작성일자',
  `GO_PRESCRIPTION_RESULT_GO_REGISTRATION_DATE` datetime NOT NULL COMMENT '정부DB등록일자',
  PRIMARY KEY (`GO_PRESCRIPTION_RESULT_CODE`),
  KEY `FK_go_treat_TO_go_prescription_result` (`GO_TREAT_CODE`),
  KEY `FK_go_medicine_TO_go_prescription_result` (`GO_MEDICINE_CODE`)
) ENGINE=MyISAM DEFAULT CHARSET=utf8 COMMENT='처방결과';

-- Dumping data for table loverman85.go_prescription: 1 rows
/*!40000 ALTER TABLE `go_prescription` DISABLE KEYS */;
/*!40000 ALTER TABLE `go_prescription` ENABLE KEYS */;


-- 테이블 loverman85의 구조를 덤프합니다. go_surgery
CREATE TABLE IF NOT EXISTS `go_surgery` (
  `GO_SURGERY_CODE` varchar(10) NOT NULL COMMENT '수술코드',
  `GO_SURGERY_NAME` varchar(50) NOT NULL COMMENT '수술명',
  PRIMARY KEY (`GO_SURGERY_CODE`)
) ENGINE=MyISAM DEFAULT CHARSET=utf8 COMMENT='수술명';

-- Dumping data for table loverman85.go_surgery: 1,661 rows
/*!40000 ALTER TABLE `go_surgery` DISABLE KEYS */;
INSERT INTO `go_surgery` (`GO_SURGERY_CODE`, `GO_SURGERY_NAME`) VALUES
	('C8514', '침생검(심부)-심낭[EKG비용포함]'),
	('C8515', '침생검(심부)-척수'),
	('C8532', '절개생검(표재성)-기타부위'),
	('C8533', '절개생검(심부[장기절개생검])-개흉에의한것'),
	('C8534', '절개생검(심부[장기절개생검])-개복에의한것'),
	('C8535', '절개생검(표재성)-근육및연부조직'),
	('C8552', '전립선생검-관혈적'),
	('C8562', '고환,부고환생검-관혈적'),
	('C8572', '자궁내막조직생검-구획소파생검'),
	('C8574', '자궁내막조직생검-단순소파생검'),
	('C8575', '자궁내막조직생검-자궁경내소파술'),
	('C8582', '골생검(관혈적생검)-척추골'),
	('C8583', '골생검(관혈적생검)-기타부위'),
	('C8592', '갑상선생검-관혈적생검'),
	('C8601', '관절절개생검술-견관절,고관절,천장관절'),
	('C8602', '관절절개생검술-주관절,슬관절'),
	('C8603', '관절절개생검술-완관절및족관절'),
	('C8604', '관절절개생검술-기타부위'),
	('C8610', '신경생검술'),
	('E7500', '관절경검사'),
	('E7501', '관절경검사-고관절부위를실시한경우'),
	('E7593', '기관지경검사(경기관지폐생검)'),
	('E7600', '흉강경검사'),
	('E7605', '종격동검사'),
	('E7690', '복강경검사'),
	('HD081', '밀봉소선원치료-강내치료(고선량률분할치료,1치료기간당,5~15회실시기준)'),
	('HD082', '밀봉소선원치료-강내치료(고선량률분할치료,치료중단시,1회당)'),
	('HD083', '밀봉소선원치료-강내치료(저선량률치료,방사성선원삽입당일)'),
	('HD085', '밀봉소선원치료-조직내치료, 관내치료(고선량률분할치료,1치료기간당,3회이상실시기준)'),
	('HD086', '밀봉소선원치료-조직내치료, 관내치료(고선량률분할치료,치료중단시,1회당)'),
	('HD087', '밀봉소선원치료-조직내치료, 관내치료(저선량률치료,방사성선원삽입당일)'),
	('HD089', '밀봉소선원치료-방사성입자의자입치료[본수불문1회당]'),
	('HD111', '체부정위적방사선수술[1회당]'),
	('HD112', '체부정위적방사선수술(1회로치료종결)'),
	('HD113', '뇌정위적방사선수술(감마나이프 이용)'),
	('HD114', '뇌정위적방사선수술(사이버나이프 이용)'),
	('HD115', '뇌정위적방사선수술(선형가속기 등 이용)'),
	('M0031', '피부및피하조직또는근육내이물제거술(봉침,파편등,근막절개하이물제거술)'),
	('M6510', '경피적동맥관개존폐쇄술'),
	('M6521', '경피적심방중격절개술-풍선심방중격절개술'),
	('M6522', '경피적심방중격절개술-칼날심방중격절개술'),
	('M6531', '경피적심장판막성형술-승모판막'),
	('M6532', '경피적심장판막성형술-대동맥판막'),
	('M6533', '경피적심장판막성형술-폐동맥판막'),
	('M6541', '부정맥의고주파절제술-상심실성부정맥'),
	('M6542', '부정맥의고주파절제술-상심실성부정맥,심방세동에 실시'),
	('M6543', '부정맥의고주파절제술-심실성부정맥'),
	('M6551', '경피적관상동맥확장술-단일혈관'),
	('M6561', '경피적관상동맥스텐트삽입술-단일혈관'),
	('M6563', '경피적관상동맥스텐트삽입술(경피적관상동맥확장술및경피적관상동맥죽상반절제술과동시)-단일혈관'),
	('M6571', '경피적관상동맥죽상반절제술-단일혈관'),
	('M6593', '경피적풍선혈관성형술-뇌혈관'),
	('M6594', '경피적풍선혈관성형술-경동맥[추골동맥포함]'),
	('M6595', '경피적풍선혈관성형술-대동맥'),
	('M6596', '경피적풍선혈관성형술-폐동맥'),
	('M6597', '경피적풍선혈관성형술-기타혈관'),
	('M6601', '경피적혈관내금속스텐트삽입술-뇌혈관'),
	('M6602', '경피적혈관내금속스텐트삽입술-경동맥[추골동맥포함]'),
	('M6603', '경피적혈관내금속스텐트삽입술-대동맥'),
	('M6604', '경피적혈관내금속스텐트삽입술-폐동맥'),
	('M6605', '경피적혈관내금속스텐트삽입술-기타혈관'),
	('M6611', '경피적혈관내스텐트이식설치술-대동맥'),
	('M6612', '경피적혈관내스텐트이식설치술-대동맥및장골동맥'),
	('M6613', '경피적혈관내스텐트이식설치술-기타혈관'),
	('M6620', '경피적혈관내죽종제거술'),
	('M6631', '경피적혈전제거술-혈전용해술-뇌혈관'),
	('M6632', '경피적혈전제거술-혈전용해술-기타혈관'),
	('M6633', '경피적혈전제거술-기계적혈전제거술[카테터법]'),
	('M6641', '혈관색전술-뇌혈관[척추포함]-동맥류'),
	('M6642', '혈관색전술-뇌혈관[척추포함]-동정맥기형[동정맥루포함]'),
	('M6643', '혈관색전술-뇌혈관[척추포함]-종양'),
	('M6644', '혈관색전술-기타혈관'),
	('M6650', '경피적하대정맥여과기설치술'),
	('M6661', '방사선하기관및기관지협착확장술-풍선카테터에의한것'),
	('M6662', '방사선하기관및기관지협착확장술-스텐트삽입술에의한것'),
	('M6670', '경피경간담즙배액술[유도료별도산정]'),
	('M6681', '경피적담도협착확장술-풍선카테타에의한것'),
	('M6682', '경피적담도협착확장술-스텐트에의한것'),
	('M6690', '경피적담낭조루술[유도료별도산정]'),
	('M6700', '경피적담석제거술'),
	('M6710', '경경정맥간내문맥정맥단락술[유도료별도산정]'),
	('M6730', '경피적위루술[유도료별도산정]'),
	('M6792', '경피적비루관확장술-풍선카테타에의한것'),
	('M6793', '경피적비루관확장술-스텐트에의한것'),
	('M6830', '경피적장루술[공장루,맹장루포함][유도료별도산정]'),
	('MY762', '투시하이물제거술 '),
	('N0021', '골수염또는골농양수술[골천공술,골개창술,배형성형술,골부분절제술포함]-골반골,대퇴골,하퇴골'),
	('N0022', '골수염또는골농양수술[골천공술,골개창술,배형성형술,골부분절제술포함]-상완골,전완골,쇄골'),
	('N0023', '골수염또는골농양수술[골천공술,골개창술,배형성형술,골부분절제술포함]-기타'),
	('N0111', '박피술(종양치료에한함,25cm2미만)'),
	('N0112', '박피술(종양치료에한함,25cm2이상)'),
	('N0142', '피부양성종양적출술(기타근육층에달하는것)'),
	('N0144', '티눈제거술(절제,근층심부포함)'),
	('N0151', '피부악성종양적출술(광역수술)'),
	('N0152', '피부악성종양적출술(광역수술및림프절수술)'),
	('N0170', '부분층피부이식술(기타,900cm2이상)'),
	('N0173', '부분층피부이식술 (안면 또는 관절부, 25cm2미만)'),
	('N0174', '부분층피부이식술 (안면 또는 관절부, 25cm2이상)'),
	('N0175', '부분층피부이식술(기타,25cm2미만)'),
	('N0176', '부분층피부이식술(기타,25cm2이상~100cm2미만)'),
	('N0177', '부분층피부이식술(기타,100cm2이상)'),
	('N0178', '부분층피부이식술(기타,100cm2이상~400cm2미만)'),
	('N0179', '부분층피부이식술(기타,400cm2이상~900cm2미만)'),
	('N0190', '액취수술'),
	('N0232', '연부조직종양적출술(지방종,혈관종,섬유종,거대세포종,화골성근염,근육육종,혈관육종등)-악성종양'),
	('N0233', '연부조직종양적출술(지방종,혈관종,섬유종,거대세포종,화골성근염,근육육종,혈관육종등)-피하양성'),
	('N0234', '연부조직종양적출술(지방종,혈관종,섬유종,거대세포종,화골성근염등)-근막하 또는 근육내양성종양'),
	('N0241', '반흔구축성형술(운동제한이있는것)'),
	('N0242', '반흔구축성형술및식피술(운동제한이있는것)-전층,25cm2미만'),
	('N0243', '반흔구축성형술및식피술(운동제한이있는것)-전층,25cm2이상'),
	('N0244', '반흔구축성형술및식피술(운동제한이있는것)-부분층,안면또는관절부,25cm2미만'),
	('N0245', '반흔구축성형술및식피술(운동제한이있는것)-부분층,안면또는관절부,25cm2이상'),
	('N0246', '반흔구축성형술및식피술(운동제한이있는것)-부분층,기타,25cm2미만'),
	('N0247', '반흔구축성형술및식피술(운동제한이있는것)-부분층,기타,25cm2이상～100cm2미만'),
	('N0248', '반흔구축성형술및식피술(운동제한이있는것)-부분층,기타,100cm2이상'),
	('N0249', '반흔구축성형술및국소피판술[운동제한이있는것]'),
	('N0251', '다지증수술(건및골성형을요하는경우)'),
	('N0260', '지유착증수술'),
	('N0270', '골성장판성장억제술[스태플포함]'),
	('N0281', '양성골종양의소파술또는절제술(골반골,대퇴골,하퇴골)'),
	('N0282', '양성골종양의소파술또는절제술(상완골,전완골,쇄골)'),
	('N0283', '양성골종양의소파술또는절제술(기타)'),
	('N0284', '악성골종양의 광범위절제술(골반골, 대퇴골, 하퇴골)'),
	('N0285', '악성골종양의 광범위절제술(상완골, 전완골, 쇄골)'),
	('N0286', '악성골종양의 광범위절제술(기타)'),
	('N0301', '절골술(수지,족지)'),
	('N0302', '절골술(상하지)'),
	('N0303', '절골술(척추,골반)'),
	('N0304', '절골술및체내금속고정술(요골과척골중하나,경골과비골중하나)'),
	('N0305', '절골술및체내금속고정술(대퇴골)'),
	('N0306', '절골술및체내금속고정술(상완골)'),
	('N0307', '절골술및체내금속고정술(요척골동시,경비골동시)'),
	('N0309', '절골술및체내금속고정술(수족지골)'),
	('N0310', '골편절채술'),
	('N0321', '천두술(진단목적)'),
	('N0322', '천두술(낭종, 혈종, 농양의 제거 및 배액)-경막하 혹은 경막외'),
	('N0323', '천두술(낭종, 혈종, 농양의 제거 및 배액)-뇌실질내'),
	('N0324', '천두술-기타의것[도관,reservoir,ICPmonitor삽입등]'),
	('N0325', '지속적국소뇌혈류량측정probe삽입술'),
	('N0331', '개두술 또는 두개절제술(진단목적)'),
	('N0333', '개두술 또는 두개절제술(두개감압술)'),
	('N0334', '개두술 또는 두개절제술(두개골 병소 또는 양성종양절제)'),
	('N0335', '개두술 또는 두개절제술(두개골 악성종양절제)'),
	('N0341', '두개골성형술(두개골뿐인것)'),
	('N0342', '두개골성형술(경뇌막성형을동반하는것)'),
	('N0344', '두개골성형술(두개골조기봉합교정,단순)'),
	('N0345', '두개골성형술(두개골조기봉합교정,복잡)'),
	('N0354', '비골골절관혈적정복술'),
	('N0355', '비사골골절의관혈적정복술'),
	('N0366', '후두골절관혈적정복술'),
	('N0391', '상악골부분절제술'),
	('N0392', '상악골전적출술'),
	('N0402', '상악골(관골포함)양성종양(낭종포함)절제술-3cm미만'),
	('N0403', '상악골(관골포함)양성종양(낭종포함)절제술-3cm이상'),
	('N0404', '상악골(관골포함)악성종양(림프절청소포함)부분절제술'),
	('N0405', '상악골(관골포함)악성종양(림프절청소포함)전적출술'),
	('N0406', '상악골신장술(Le Fort  I)'),
	('N0407', '상악골신장술(Le Fort  II)'),
	('N0408', '상악골신장술(Le Fort  III)'),
	('N0411', '하악골재건술'),
	('N0421', '하악골부분절제술'),
	('N0422', '하악골반측절제술'),
	('N0423', '하악골신장술'),
	('N0424', '악골내골신장기구제거술'),
	('N0428', '관상돌기절제술'),
	('N0432', '하악골양성종양(낭종포함)절제술-편측악골1/3미만'),
	('N0433', '하악골양성종양(낭종포함)절제술-편측악골1/3이상～1/2미만'),
	('N0434', '하악골양성종양(낭종포함)절제술-편측악골1/2이상'),
	('N0435', '하악골악성종양(림프절청소포함)-변연절제술'),
	('N0436', '하악골악성종양(림프절청소포함)-부분절제술'),
	('N0437', '하악골악성종양(림프절청소포함)-반측절제술'),
	('N0444', '척추변형에척추관절전방고정[기기,기구사용고정포함]-7구간(척추분절)미만'),
	('N0445', '척추변형에척추관절전방고정[기기,기구사용고정포함]-7구간(척추분절)이상'),
	('N0446', '척추변형에척추관절후방고정[기기,기구사용고정포함]-7구간(척추분절)미만'),
	('N0447', '척추변형에척추관절후방고정[기기,기구사용고정포함]-7구간(척추분절)이상'),
	('N0451', '척추체제거술(경추)'),
	('N0452', '척추체제거술(흉추)'),
	('N0453', '척추체제거술(요추)'),
	('N0464', '척추전방고정술[기기,기구사용고정포함]-경추'),
	('N0465', '척추전방고정술[기기,기구사용고정포함]-흉추'),
	('N0466', '척추전방고정술[기기,기구사용고정포함]-요추'),
	('N0467', '척추후방고정술[기기,기구사용고정포함]-경추'),
	('N0468', '척추후방고정술[기기,기구사용고정포함]-흉추'),
	('N0469', '척추후방고정술[기기,기구사용고정포함]-요추'),
	('N0471', '경피적척추성형술(방사선료포함)'),
	('N0473', '경피적척추후굴풍선복원술[방사선료포함]'),
	('N0480', '척추열수술'),
	('N0500', '늑골척추횡돌기절제술'),
	('N0510', '쇄골절제술'),
	('N0532', '늑골골절관혈적정복술'),
	('N0541', '늑골절제술(제1늑골또는경늑골)'),
	('N0542', '늑골절제술(기타의늑골)'),
	('N0550', '흉벽냉농양근치술'),
	('N0561', '사지관절이단술(견갑흉곽간)'),
	('N0562', '사지관절이단술(고관절)'),
	('N0563', '사지관절이단술(견관절)'),
	('N0564', '사지관절이단술(슬관절)'),
	('N0565', '사지관절이단술(주관절,완관절,족관절)'),
	('N0566', '사지관절이단술(수족지관절)'),
	('N0571', '사지절단술(골반)'),
	('N0572', '사지절단술(대퇴)'),
	('N0573', '사지절단술(상완,전완,하퇴)'),
	('N0574', '사지절단술(수족)'),
	('N0575', '사지절단술(지)'),
	('N0581', '단단성형술-골성형을요하는것(대퇴,하퇴,상완,전완)'),
	('N0582', '단단성형술-골성형을요하는것(수족지)'),
	('N0583', '단단성형술-연부조직의성형을요하는것(대퇴,하퇴,상완,전완)'),
	('N0584', '단단성형술-연부조직의성형을요한는것(수족지)'),
	('N0587', '사지접합수술(사지)'),
	('N0588', '사지접합수술(수족지)'),
	('N0590', '척추 또는 골반골절 및 탈구의 관혈적 정복수술'),
	('N0601', '사지골절관혈적정복술[복잡골절포함]-대퇴골'),
	('N0602', '사지골절관혈적정복술[복잡골절포함]-상완골,견갑골'),
	('N0603', '사지골절관혈적정복술[복잡골절포함]-요척골동시,경비골동시'),
	('N0604', '사지골절관혈적정복술[복잡골절포함]-쇄골,슬개골(슬개골적출술포함),수근골,족근골'),
	('N0605', '사지골절관혈적정복술[복잡골절포함]-중수골,중족골,지골'),
	('N0606', 'Closed pinning(중수골,중족골,지골)'),
	('N0607', '사지골절관혈적정복술[복잡골절포함]-요골과척골중하나,경골과비골중하나'),
	('N0610', '수족골적출술'),
	('N0621', '가관절수술(대퇴골)'),
	('N0622', '가관절수술(상완골,전완골,하퇴골)'),
	('N0623', '가관절수술(중수골,중족골)'),
	('N0624', '가관절수술(쇄골,슬개골,수근골,족근골)'),
	('N0625', '가관절수술(지골)'),
	('N0651', '골견인술(두개골)'),
	('N0652', '골견인술(사지골)'),
	('N0660', '구개성형술'),
	('N0670', '경골결절절제술'),
	('N0681', '급성화농성관절염절개술(고관절)'),
	('N0684', '급성화농성관절염절개술(견관절,슬관절)'),
	('N0685', '급성화농성관절염절개술(주관절,완관절,족관절)'),
	('N0686', '급성화농성관절염절개술(지관절)'),
	('N0691', '자가유래연골세포이식술-채취술 [관절경검사 포함]'),
	('N0692', '자가유래연골세포이식술-이식술'),
	('N0693', '자가골연골이식술'),
	('N0701', '사지관절절제술(활막절제를포함)-고관절'),
	('N0702', '사지관절절제술(활막절제를포함)-견관절,슬관절'),
	('N0703', '사지관절절제술(활막절제를포함)-주관절,완관절,족관절'),
	('N0704', '사지관절절제술(활막절제를포함)_지관절'),
	('N0705', 'BAKER\'S CYST절제술'),
	('N0711', '인공관절 전치환술(고관절)'),
	('N0712', '인공관절전치환술(견관절,슬관절)'),
	('N0713', '인공관절전치환술(주관절,완관절,족관절)'),
	('N0714', '인공관절전치환술(지관절)'),
	('N0715', '인공관절 부분치환술(고관절)'),
	('N0716', '인공관절부분치환술(견관절,슬관절,주관절,완관절,족관절)'),
	('N0717', '인공관절부분치환술(지관절)'),
	('N0719', '악관절치환술(인공관절대치술)'),
	('N0721', '절제관절성형술(고관절)'),
	('N0722', '절제관절성형술(견관절,슬관절,주관절,완관절,족관절)'),
	('N0723', '절제관절성형술(지관절)'),
	('N0731', '관절고정술(고관절)'),
	('N0732', '관절고정술(견관절,슬관절)'),
	('N0733', '관절고정술(주관절,완관절,족관절)'),
	('N0734', '관절고정술(지관절)'),
	('N0741', '악관절성형수술'),
	('N0742', '하악과두절제술'),
	('N0743', '악관절원반성형술'),
	('N0751', '관절탈구관혈정복술(고관절)'),
	('N0752', '관절탈구관혈정복술(견관절)'),
	('N0753', '관절탈구관혈정복술(주관절)'),
	('N0754', '관절탈구관혈정복술(슬관절)'),
	('N0755', '관절탈구관혈정복술(완관절,족관절)'),
	('N0756', '관절탈구관혈정복술(지관절)'),
	('N0772', '악관절탈구관혈적정복술'),
	('N0821', '반월판연골절제술(내측또는외측)'),
	('N0822', '반월판연골절제술(내.외측 동시)'),
	('N0823', '반월상연골봉합술(내측또는외측)'),
	('N0824', '반월상 연골봉합술(내외측 동시)'),
	('N0825', '반월상연골이식술'),
	('N0830', '용수지수술'),
	('N0841', '근농양배농술(요장근농양)'),
	('N0842', '근농양배농술(둔근농양)'),
	('N0843', '근농양배농술(대퇴근논양)'),
	('N0844', '근농양배농술(기타근농양)'),
	('N0850', '사각근절단술'),
	('N0860', '사경수술'),
	('N0870', '경부새열루새열낭적출술'),
	('N0880', '십자인대성형술'),
	('N0890', '십자인대접합술'),
	('N0900', '갱그리온적출술'),
	('N0911', '건.인대피하단열수술'),
	('N0912', '간단한건봉합술'),
	('N0920', '아킬레스건재건술'),
	('N0921', '아킬레스건연장술'),
	('N0922', '근막절개술-단순절개'),
	('N0923', '근막절개술-복잡절개(여러구획이나근육및신경의변연절제술을시행한경우)'),
	('N0931', '건및인대성형술-간단한것(절제,봉합,박리)'),
	('N0932', '건및인대성형술-복잡한것(이식,이전,교환,인공건성형)'),
	('N0933', '근의봉합술,이식술,이행술,교환술-간단한것'),
	('N0934', '근의봉합술,이식술,이행술,교환술-복잡한것'),
	('N0935', '견봉성형술'),
	('N0936', '견봉성형술및회전근개파열복원술(일차봉합술)'),
	('N0937', '견봉성형술및회전근개파열복원술(근및건성형이동반된경우)'),
	('N0941', '건박리술'),
	('N0942', '간단한건박리술'),
	('N0952', '하악골절관혈적정복술(정중부,골체부,우각부)'),
	('N0953', '하악골절관혈적정복술(하악과두부위)'),
	('N0955', '부정유합된하악골절골교정술'),
	('N0962', '상악골절관혈적정복술(LEFORT I)'),
	('N0963', '상악골절관혈적정복술(LEFORT II)'),
	('N0964', '상악골절관혈적정복술(LEFORT III)'),
	('N0965', '관골골절정복수술-길리씨수술(관골궁,관골체포함)'),
	('N0966', '관골골절관혈적정복수술(관골궁,관골체포함)'),
	('N0967', '부정유합된관골절골교정술'),
	('N0972', '체내고정용금속제거술(대퇴골)'),
	('N0973', '체내고정용금속제거술(상완골,견갑골)'),
	('N0974', '체내고정용금속제거술(요척골동시,경비골동시)'),
	('N0975', '체내고정용금속제거술(쇄골,슬개골,수근골,족근골)'),
	('N0976', '체내고정용금속제거술(중수골,중족골,지골)'),
	('N0977', '체내고정용금속제거술(요골과척골중하나,경골과비골중하나)'),
	('N0978', '골에삽입한금속핀이나금속정간단한제거술'),
	('N0981', '체외금속고정술(골반골,대퇴골)'),
	('N0982', '체외금속고정술(상완골,하퇴골)'),
	('N0983', '체외금속고정술(전완골)'),
	('N0984', '체외금속고정술(수근골,족근골)'),
	('N0985', '체외금속고정술(중수골,중족골,지골)'),
	('N0991', 'Closed pinning(대퇴골)'),
	('N0992', 'Closed pinning(상완골,견갑골)'),
	('N0993', 'Closed pinning(요골과척골중하나,경골과비골중하나)'),
	('N0994', 'Closed pinning(요척골동시,경비골동시)'),
	('N0995', 'Closed pinning(쇄골,슬개골(슬개골적출술포함),수근골,족근골)'),
	('N1491', '관혈적 추간판제거술(척추후궁절제술포함)-경추'),
	('N1492', '관혈적 추간판제거술(척추후궁절제술 포함)-흉추'),
	('N1493', '관혈적 추간판제거술(척추후궁절제술 포함)-요추'),
	('N1494', '내시경하추간판제거술(척추후궁절제술포함)'),
	('N1495', '추간판제거술-척추수핵용해술(방사선료포함)'),
	('N1496', '척추수핵흡인술(Nucleotom이용수핵제거등,방사선료포함)'),
	('N1497', '척추후궁절제술(경추)'),
	('N1498', '척추후궁절제술(흉추)'),
	('N1499', '척추후궁절제술(요추)'),
	('N1581', '수지의무지화성형술'),
	('N1582', '족지를이용한수지재건술(공여부절단술포함)'),
	('N1583', '생골및생피부판이식술(혈관부착골이식술)'),
	('N1584', '생골및생피부판이식술(혈관부착골피부판이식술)'),
	('N1711', '인공관절재전치환술(고관절)'),
	('N1712', '인공관절재전치환술(견관절,슬관절)'),
	('N1713', '인공관절재전치환술(주관절,완관절,족관절)'),
	('N1714', '인공관절재전치환술(지관절)'),
	('N1715', '인공관절재부분치환술(고관절)'),
	('N1716', '인공관절재부분치환술(견관절,슬관절,주관절,완관절,족관절)'),
	('N1717', '인공관절재부분치환술(지관절)'),
	('N7121', '유방양성종양절제술-단발성'),
	('N7122', '유방양성종양절제술-다발성'),
	('N7131', '유방절제술-단순전절제'),
	('N7132', '유방절제술-피하절제[남성의여성형유방절제포함]'),
	('N7133', '유방절제술-부분절제'),
	('N7134', '유방절제술-액와부이소성유방절제'),
	('N7135', '유방절제술-근치절제술 [변형근치 유방절제술 및 근치유방보존술 포함]'),
	('NA241', '반흔구축성형술및식피술(운동제한이있는것)-부분층,기타,100cm2이상～400cm2미만'),
	('NA242', '반흔구축성형술및식피술(운동제한이있는것)-부분층,기타,400cm2이상～900cm2미만'),
	('NA243', '반흔구축성형술및식피술(운동제한이있는것)-부분층,기타,900cm2이상'),
	('NA281', '악성종양의사지구제술(골반부)'),
	('NA282', '악성종양의사지구제술(대퇴부,견갑부,상완부)'),
	('NA283', '악성종양의사지구제술(전완부,하퇴부)'),
	('NA284', '악성종양의사지구제술(수족부)'),
	('NX021', '자가지방혹은진피-지방이식술'),
	('NY051', '상악골성형술(분절골절단술)'),
	('NY052', '상악골성형술(Le Fort Ⅰ)'),
	('NY053', '상악골성형술(Le Fort Ⅱ)'),
	('NY054', '상악골성형술(Le Fort Ⅲ)'),
	('NY055', '하악골성형술(분절골절단술)'),
	('NY056', '하악골성형술(이부성형술)'),
	('NY057', '하악골성형술(하악지골절단술)'),
	('O0961', '비강, 부비동악성종양적출술(상악부분 절제)'),
	('O0962', '비강, 부비동악성종양적출술(상악전적출술)'),
	('O0963', '비강, 부비동악성종양적출술(두개안면절제술)'),
	('O0964', '비강양성종양적출술,비내접근'),
	('O0965', '부비동양성종양적출술,비내접근'),
	('O0966', '비강,부비동양성종양적출술,비외접근'),
	('O0972', '비내이물제거술,복잡한 것(전신마취하 실시 또는 비외 접근시)'),
	('O0980', '위축성비염수술(양측)'),
	('O0993', '비출혈지혈법(후비공팩킹)'),
	('O0994', '비출혈지혈법(동맥결찰술)'),
	('O1001', '비중격교정술또는성형술(연골에달하는것)'),
	('O1002', '비중격교정술또는성형술(골에달하는것)'),
	('O1003', '비중격교정술또는성형술(비중격재건술)'),
	('O1010', '하비갑개절제술(중비갑개절제술포함)'),
	('O1015', '외향비갑개골절술'),
	('O1021', '하비갑개점막하절제술(중비갑개점막하절제술포함)-단측'),
	('O1031', '후비공폐쇄증개방술(막성)'),
	('O1032', '후비공폐쇄증개방술(골성)'),
	('O1040', '비인강혈관섬유종적출술'),
	('O1041', '비인강양성종양적출술(기타의것)'),
	('O1045', '비인강악성종양적출술(경비강,경구강접근방법)'),
	('O1046', '비인강악성종양적출술(하악골,상악골,구개골,측두하와접근방법)'),
	('O1050', '상악동비내수술'),
	('O1055', '상악동후비강용종적출술'),
	('O1061', '비전정성형술'),
	('O1070', '상악동근치수술'),
	('O1091', '전두동비외수술(단순천공술)'),
	('O1092', '전두동비외수술(이마절개하골성형)'),
	('O1093', '전두동비외수술(관상봉합절개하골성형)'),
	('O1100', '사골동비내수술'),
	('O1110', '사골동비외수술'),
	('O1120', '접형골동비내수술'),
	('O1130', '전부비강근본수술'),
	('O1140', '상악동사골동근본수술'),
	('O1150', '상악동사골동접형골동근본수술'),
	('O1160', '전두동사골동근본수술'),
	('O1170', '전두동사골동접형골동근본수술'),
	('O1175', '전두동,사골동,상악동근본수술'),
	('O1180', '사골동접형골동수술'),
	('O1210', '후두농양절개술'),
	('O1215', '후두개낭종제거술'),
	('O1221', '후두양성종양적출술-현수후두경하'),
	('O1222', '후두양성종양적출술-연성내시경하'),
	('O1223', '후두양성종양적출술-후두절개하'),
	('O1224', '후두악성종양적출술 - 성대절제술'),
	('O1225', '수직후두부분,성문상부후두부분악성종양적출술'),
	('O1226', '윤상연골상후두부분악성종양적출술'),
	('O1227', '후두악성종양적출술-후두전적출술'),
	('O1231', '성대결절및폴립제거술'),
	('O1232', '성대내낭종제거술'),
	('O1233', '범발성폴립양성대절개및흡인술'),
	('O1251', '후두및하인두전적출술'),
	('O1252', '후두전적출및하인두부분적출술'),
	('O1261', '후두마비수술(양측마비)-레이저성대절제술'),
	('O1262', '후두마비수술(양측마비)-피열연골절제술'),
	('O1263', '후두마비수술(양측마비)-피열연골외전술,갑상연골음성성형술제2형'),
	('O1264', '후두마비수술(일측마비)-이물주입술(Teflon,Silicone등)'),
	('O1265', '후두마비수술(일측마비)-갑상연골음성성형술제1형'),
	('O1266', '후두마비수술(일측마비)-피열연골내전술'),
	('O1281', '설골현수법'),
	('O1292', '후두이물제거술(성문,성문하부)'),
	('O1300', '기관절개술'),
	('O1303', '윤상갑상막절개술(투관침에 의한 경우)'),
	('O1305', '종격동기관절개술'),
	('O1306', '윤상갑상막절개술(피부절개에 의한 경우)'),
	('O1311', '기관또는기관지종양제거술(경부접근)-기관절제및재건술'),
	('O1312', '기관또는기관지종양제거술(경부접근)-기관절제및성형술'),
	('O1313', '기관또는기관지종양제거술(흉부접근)-기관(지)절제및재건술'),
	('O1314', '기관또는기관지종양제거술(흉부접근)-기관(지)절제및성형술'),
	('O1315', '내시경적기관또는기관지종양제거술(육아조직포함)-연성기관지경'),
	('O1316', '내시경적기관또는기관지종양제거술(육아조직포함)-경성기관지경'),
	('O1321', '기관 또는 기관지봉합술(경부접근)'),
	('O1326', '기관 또는 기관지봉합술(흉부접근)'),
	('O1332', '내시경적기관또는기관지이물제거술(연성기관지경)'),
	('O1333', '내시경적기관또는기관지이물제거술(경성기관지경)'),
	('O1336', '개흉적 기관 또는 기관지이물제거술'),
	('O1341', '기관또는기관지협착증수술(경부접근)-기관절제및재건술'),
	('O1342', '기관또는기관지협착증수술(경부접근)-기관절제및성형술'),
	('O1343', '기관또는기관지협착증수술(경부접근)-기타(티-튜브삽관,기관개창등)'),
	('O1344', '기관또는기관지협착증수술(흉부접근)-기관(지)절제및재건술'),
	('O1345', '기관또는기관지협착증수술(흉부접근)-기관(지)절제및성형술'),
	('O1346', '내시경적기관또는기관지협착확장술-풍선카테터에의한것'),
	('O1347', '내시경적기관또는기관지협착확장술-스텐트삽입술에의한것'),
	('O1348', '내시경적기관또는기관지협착확장술-기타(레이저치료등)'),
	('O1349', '기관식도누공술(Amatsu술식)'),
	('O1351', '기관지흉막루폐쇄술'),
	('O1352', '기관지식도루폐쇄술'),
	('O1353', '기관지담도루폐쇄술'),
	('O1354', '기관지대동정맥루폐쇄술'),
	('O1360', '진단적개흉술'),
	('O1372', '기관개구확장술-국소피판술을동반한경우'),
	('O1380', '폐농양절개술'),
	('O1401', '폐쐐기절제술(단일쐐기절제)'),
	('O1402', '폐쐐기절제술(2개이상쐐기절제)'),
	('O1410', '폐구역절제술'),
	('O1421', '단일폐엽절제술'),
	('O1422', '쌍폐엽절제술'),
	('O1423', '폐엽과 폐구역절제술'),
	('O1431', '폐전적출술'),
	('O1440', '폐봉합술'),
	('O1450', '폐박피술'),
	('O1460', '폐첨박리술,흉막박리술'),
	('O1480', '흉막유착술'),
	('O1481', '흉벽종양절제술(흉벽 재건술을 동반한 경우)'),
	('O1482', '흉벽종양절제술(기타의 경우)'),
	('O1491', '흉곽성형술(1차)'),
	('O1492', '흉곽성형술(2차)'),
	('O1501', '흉강복강내측로조성술'),
	('O1502', '농흉세척(흉막강내주입포함)'),
	('O1510', '흉강삽관술(폐쇄식)'),
	('O1520', '흉강삽관술(개방식)'),
	('O1530', '전흉벽함몰기형교정술,누두흉재건술'),
	('O1540', '흉막절제술'),
	('O1541', '흉골골절 관혈적 정복술'),
	('O1550', '흉곽근육충전술'),
	('O1561', '흉골절제술'),
	('O1562', '흉골절제및재건술'),
	('O1570', '폐기포절제술'),
	('O1571', '흉골봉합술'),
	('O1572', '흉골악성종양의근치적절제술(림프절절제술및재건술포함)'),
	('O1581', '종격동염배농술(비개흉식)'),
	('O1586', '종격동염배농술(개흉식)'),
	('O1591', '종격동종양절제술(양성종양)'),
	('O1592', '종격동종양절제술(악성종양[림프절청소포함])'),
	('O1593', '종격동종양절제술(근무력증등에 흉선절제술을 실시한경우)'),
	('O1596', '종격동림프절청소술'),
	('O1600', '횡격막봉합술'),
	('O1605', '횡격막종양절제및재건술'),
	('O1610', '횡격막탈장정복술'),
	('O1621', '흉관봉합,결찰술'),
	('O1635', '복재정맥-슬와정맥문합술'),
	('O1641', '대동맥-관동맥간우회로조성술(자가혈관채취료포함)-단순(1개소)'),
	('O1642', '대동맥-관동맥간우회로조성술(자가혈관채취료포함)-단순(2개소이상)'),
	('O1643', '자가혈관이용(채취료포함)동맥간우회로조성술(대동맥-신동맥,흉대or복대동맥-대퇴동맥,대동맥-내'),
	('O1644', '인조혈관이용동맥간우회로조성술(대동맥-신동맥간,흉대동맥or대동맥-대퇴동맥간,대동맥-내장동맥간'),
	('O1645', '자가혈관이용(채취료포함)동맥간우회로조성술(기타의것)'),
	('O1646', '인조혈관이용동맥간우회로조성술(기타의것)'),
	('O1647', '대동맥-관동맥간우회로조성술(자가혈관채취료포함)-복잡'),
	('O1660', '심장창상봉합술'),
	('O1671', '동맥관개존폐쇄술(결찰법)'),
	('O1672', '동맥관개존폐쇄술(분리봉합법)'),
	('O1680', '대동맥축착증수술'),
	('O1690', '폐쇄식승모판교련절개술'),
	('O1701', '심혈관단락술(체폐동맥단락술)'),
	('O1702', '심혈관단락폐쇄술'),
	('O1703', '폐동맥결찰술(교약술)'),
	('O1704', '폐동맥결찰술(교약술)해제'),
	('O1705', '심방중격결손조성술'),
	('O1710', '심방중격결손증수술'),
	('O1721', '심실중격결손증수술(선천성)'),
	('O1722', '심실중격결손증수술(심근경색후에생긴경우)'),
	('O1730', '승모판협착증수술'),
	('O1740', '대동맥판협착증수술'),
	('O1750', '폐동맥판협착증수술'),
	('O1760', '삼첨판협착증수술'),
	('O1770', '심방중격결손증겸폐동맥판협착증수술'),
	('O1781', '판막성형술(삼첨판)'),
	('O1782', '판막성형술(승모판)'),
	('O1783', '판막성형술(대동맥판)'),
	('O1791', '인공판막치환술(삼첨판)'),
	('O1792', '인공판막치환술(승모판)'),
	('O1793', '인공판막치환술(대동맥판)'),
	('O1794', '인공판막재치환술(삼첨판)'),
	('O1795', '인공판막재치환술(승모판)'),
	('O1796', '인공판막재치환술(대동맥판)'),
	('O1797', '인공판막치환술(폐동맥판)'),
	('O1798', '인공판막재치환술(폐동맥판)'),
	('O1800', '활로씨4증후군근본수술'),
	('O1810', '심실중격결손증겸폐동맥판협착증수술'),
	('O1821', '심내막상결손증수술(부분형)'),
	('O1822', '심내막상결손증수술(완전형)'),
	('O1823', '좌심실류절제술'),
	('O1824', '좌심실용적축소성형술'),
	('O1825', '좌심실유출로성형술'),
	('O1826', '우심실유출로성형술(폐동맥판성형술포함)'),
	('O1830', '관상동맥내막절제술(팻취사용포함)'),
	('O1840', '발살바동동맥류파열수술'),
	('O1841', '동정맥기형교정술(개흉에의한것)'),
	('O1842', '동정맥기형교정술(개복에의한것)'),
	('O1843', '동정맥기형교정술(안면부)'),
	('O1844', '동정맥기형교정술(기타)'),
	('O1850', '기타복잡기형에대한심장수술'),
	('O1861', '좌·우폐동맥 성형술'),
	('O1873', '기능적단심실증교정술,글렌수술(대정맥폐동맥단락술)'),
	('O1874', '기능적단심실증교정술,폰탄수술'),
	('O1875', '라스텔리씨수술'),
	('O1878', '총폐정맥환류이상증수술'),
	('O1879', '대혈관전위증수술'),
	('O1890', '인공심폐순환(1회당)'),
	('O1895', '개흉심장 마사지'),
	('O1901', '부분체외순환'),
	('O1921', '대동맥내풍선펌프'),
	('O1931', '심낭루조성술'),
	('O1932', '심낭창형성술(개흉적)'),
	('O1935', '심낭창형성술(내시경하)'),
	('O1940', '심막절제술'),
	('O1950', '폐동맥혈전제거술'),
	('O1960', '대동맥-폐동맥창폐쇄술(체외순환하)'),
	('O1970', '심내이물제거술(개심술에의한것)'),
	('O1981', '심장종양제거술(심방점액종제거술)'),
	('O1982', '심장종양제거술(기타의것)'),
	('O2003', '경정맥체내용심박기거치술'),
	('O2004', '개흉적체내용심박기거치술'),
	('O2006', '부정맥수술-상심실성부정맥'),
	('O2007', '부정맥수술-심실성부정맥'),
	('O2008', '심율동전환제세동기삽입술(경정맥)'),
	('O2011', '인공신장투석을위한단락또는동정맥루조성술(외동정맥단락조성술)'),
	('O2012', '인공신장투석을위한단락또는동정맥루조성술(내동정맥단락조성술)'),
	('O2031', '동맥류절제술(상행대동맥,혈관이식술포함)'),
	('O2032', '동맥류절제술(궁부대동맥,혈관이식술포함)'),
	('O2033', '동맥류절제술(하행흉부대동맥,혈관이식술포함)'),
	('O2034', '동맥류절제술(복부대동맥및양측장골동맥,혈관이식술포함)'),
	('O2035', '동맥류절제술(기타의것,혈관이식술포함)'),
	('O2036', '동맥류절제술(복부대동맥,혈관이식술포함)'),
	('O2037', '동맥류절제술(양측장골동맥,혈관이식술포함)'),
	('O2038', '동맥류절제술(편측장골동맥,혈관이식술포함)'),
	('O2039', '동맥류절제술(내장동맥(신동맥,간동맥,비장동맥,장간막동맥등),혈관이식술포함)'),
	('O2045', '하대정맥여과기설치술'),
	('O2051', '사지정맥류국소제거술(경화요법)'),
	('O2052', '사지정맥류국소제거술(국소제거술)'),
	('O2053', '혈전제거술(동맥-흉부)'),
	('O2054', '혈전제거술(동맥-복부)'),
	('O2055', '혈전제거술(동맥-경부)'),
	('O2056', '혈전제거술(동맥-기타)'),
	('O2057', '혈전제거술(심부정맥-흉부)'),
	('O2058', '혈전제거술(심부정맥-복부)'),
	('O2059', '혈전제거술(심부정맥-기타)'),
	('O2061', '광범위정맥류발거술(스트리핑)-교통정맥결찰술을동반한경우'),
	('O2062', '광범위정맥류발거술(스트리핑)-교통정맥결찰술을동반하지않은경우'),
	('O2063', '혈관내죽종제거술(혈관성형술포함)-경동맥(내막박리술포함)'),
	('O2064', '혈관내죽종제거술(혈관성형술포함)-복부동맥또는장골동맥'),
	('O2065', '혈관내죽종제거술(혈관성형술포함)-기타'),
	('O2066', '혈관내죽종제거술(혈관성형술포함)및팻취이용하여봉합-경동맥(내막박리술포함)'),
	('O2067', '혈관내죽종제거술(혈관성형술포함)후팻취이용하여봉합-복부동맥또는장골동맥'),
	('O2068', '혈관내죽종제거술(혈관성형술포함)후팻취이용하여봉합-기타'),
	('O2071', '혈관결찰술(개흉에의한것)'),
	('O2072', '혈관결찰술(개복에의한것)'),
	('O2073', '혈관결찰술(기타)'),
	('O2074', '혈관결찰술및혈관봉합술의간단한것'),
	('O2081', '인공신장투석을위한단락또는동정맥루조성술(자가혈관을이용한동정맥루조성술)'),
	('O2082', '인공신장투석을위한단락또는동정맥루조성술(인조혈관을이용한동정맥루조성술)'),
	('O2083', '인공신장을위한동정맥루의교정술'),
	('O7071', '계속적복막관류술-도관삽입술(대망절제를동반한경우)'),
	('O7072', '계속적복막관류술-도관삽입술(기타)'),
	('OA271', '단순후두협착증수술(부지법)'),
	('OA272', '단순후두협착증수술(내시경하킬,스텐트삽입등)'),
	('OA273', '단순후두협착증수술(레이저시술)'),
	('OA274', '복잡후두협착증수술(갑상,윤상연골절개술)'),
	('OA275', '복잡후두협착증수술(연골이식술)'),
	('OA276', '복잡후두협착증수술(성문하부절제술후갑상-기관단단문합술)'),
	('OA631', '혈관성형술(직접봉합)-개흉에의한것'),
	('OA632', '혈관성형술(직접봉합)-개복에의한것'),
	('OA633', '혈관성형술(직접봉합)-기타'),
	('OA634', '혈관성형술(팻취이용한경우)-개흉에의한것(인조혈관이용)'),
	('OA635', '혈관성형술(팻취이용한경우)-개흉에의한것(자가혈관이용(채취료포함))'),
	('OA636', '혈관성형술(팻취이용한경우)-개복에의한것(인조혈관이용)'),
	('OA637', '혈관성형술(팻취이용한경우)-개복에의한것(자가혈관이용(채취료포함))'),
	('OA638', '혈관성형술(팻취이용한경우)-기타(인조혈관이용)'),
	('OA639', '혈관성형술(팻취이용한경우)-기타(자가혈관이용(채취료포함))'),
	('OA641', '무인공심폐관상동맥우회로조성술(대동맥-관동맥간)-단순,1개소'),
	('OA642', '무인공심폐관상동맥우회로조성술(대동맥-관동맥간)-단순,2개소이상'),
	('OA647', '무인공심폐관상동맥우회로조성술(대동맥-관동맥간)-복잡(관상동맥우회로술의기왕력이있는경우)'),
	('OB631', '혈관성형술(개흉에의한직접봉합)-대동맥교차감자(Cross-Clamping)동시실시'),
	('OB632', '혈관성형술(개복에의한직접봉합)-대동맥교차감자(Cross-Clamping)동시실시'),
	('OB633', '혈관성형술(기타직접봉합)-대동맥교차감자(Cross-Clamping)동시실시'),
	('OB634', '혈관성형술(팻취이용-개흉에의함,인조혈관이용),Cross-Clamping동시실시'),
	('OB635', '혈관성형술(팻취이용-개흉에의함,자가혈관이용(채취료포함),Cross-Clamping동시실시'),
	('OB636', '혈관성형술(팻취이용-개복에의함,인조혈관이용),Cross-Clamping동시실시'),
	('OB637', '혈관성형술(팻취이용-개복에의함,자가혈관이용(채취료포함),Cross-Clamping동시실시'),
	('OB638', '혈관성형술(팻취이용-기타,인조혈관이용),Cross-Clamping동시실시'),
	('OB639', '혈관성형술(팻취이용-기타,자가혈관이용(채취료포함)),Cross-Clamping동시실시'),
	('OB641', '정맥간우회로조성술(자가혈관시채취료포함),하대정맥-대정맥간'),
	('OB642', '정맥간우회로조성술(자가혈관이용-채취료포함),대퇴정맥-대퇴정맥간'),
	('OB643', '정맥간우회로조성술(인조혈관이용),대퇴정맥-대퇴정맥간'),
	('OY201', '고주파정맥내막폐쇄술[유도료포함]-교통정맥결찰술을동반한경우 '),
	('OY202', '고주파정맥내막폐쇄술[유도료포함]-교통정맥결찰술을동반하지않은경우 '),
	('OY203', '광투시정맥흡입제거술-교통정맥결찰술을동반한경우'),
	('OY204', '광투시정맥흡입제거술-교통정맥결찰술을동반하지않은경우'),
	('P2081', '비신정맥문합술(원위부)'),
	('P2082', '비신정맥문합술(근위부)'),
	('P2091', '비전절제술'),
	('P2093', '비부분절제술'),
	('P2094', '비봉합술'),
	('P2102', '경부림프절절제술(표재성)'),
	('P2103', '경부림프절절제술(심재성)'),
	('P2106', '결핵성림프선종절제술(표재성)'),
	('P2107', '결핵성림프선종절제술(심재성)'),
	('P2112', '경부림프절청소술(근치적)'),
	('P2113', '경부림프절청소술(보존적)'),
	('P2114', '경부림프절청소술(선택적)'),
	('P2121', '액와림프절절제술'),
	('P2122', '액와림프절청소술'),
	('P2123', '액와감시림프절절제술'),
	('P2124', '액와감시림프절절제술(방사선검출기이용하여림프절의위치를확인한경우)'),
	('P2131', '림프관종경화요법(낭포성림프관종포함)'),
	('P2133', '림프관종절제술(낭성림프관종포함)-경부(국소)'),
	('P2134', '림프관종절제술(낭성림프관종포함)-경부(광범위)'),
	('P2135', '림프관종절제술(낭성림프관종포함)-기타'),
	('P2136', '림프부종수술(절제술)'),
	('P2137', '림프부종수술(림프관정맥문합술)'),
	('P2138', '림프부종수술(대망전치술)'),
	('P2141', '서혜부림프절절제술'),
	('P2142', '서혜부림프절청소술'),
	('P4541', '부갑상선절제술(양성)-단발성'),
	('P4542', '부갑상선절제술(양성)-다발성'),
	('P4543', '부갑상선절제술-악성'),
	('P4545', '부갑상선근육이식'),
	('P4551', '갑상선수술[낭종,선종,갑상선기능항진등](갑상선엽전절제술)-편측'),
	('P4552', '갑상선수술[낭종,선종,갑상선기능항진등](갑상선엽전절제술)-양측'),
	('P4553', '갑상선수술[낭종,선종,갑상선기능항진등](갑상선엽아전절제술)-편측'),
	('P4554', '갑상선수술[낭종,선종,갑상선기능항진등](갑상선엽아전절제술)-양측'),
	('P4558', '갑상선설관낭종절제술'),
	('P4561', '갑상선악성종양근치수술'),
	('P4565', '설근갑상선절제또는분획성형술'),
	('P4571', '부신절제술-편측'),
	('P4572', '부신절제술-양측'),
	('P4580', '경동맥구적출술'),
	('P4585', '경동맥구 양성종양적출술'),
	('Q2150', '구순암적출술(림프절청소포함)'),
	('Q2161', '순열수술(일측성)'),
	('Q2162', '순열수술(양측성)'),
	('Q2165', '비순누공폐쇄술'),
	('Q2166', '구강비강누공폐쇄술'),
	('Q2172', '설단소증수술(복잡한 것)'),
	('Q2181', '설암수술(림프절청소 포함)-설부분절제'),
	('Q2182', '설암수술(림프절청소 포함)-설반측절제'),
	('Q2183', '설암수술(림프절청소 포함)-설전절제'),
	('Q2186', '설종양적출술'),
	('Q2188', '설단순절제술(거설증등)-1/2미만'),
	('Q2189', '설단순절제술(거설증등)-1/2이상'),
	('Q2191', '연구개열수술(점막하구개열수술)'),
	('Q2192', '구개인두부전증교정'),
	('Q2193', '경구개열수술,편측'),
	('Q2194', '경구개열수술,양측'),
	('Q2196', '수면중무호흡증후군수술(구개인두성형)'),
	('Q2197', '수면중무호흡증후군수술(구개수절제술)'),
	('Q2198', '치조열수술(편측)'),
	('Q2199', '치조열수술(양치)'),
	('Q2201', '구강내종양적출술(양성)'),
	('Q2203', '구강내종양적출술(악성[림프절청소포함])'),
	('Q2204', '구강내종양적출술(양성)-구강저병소제거'),
	('Q2206', '구강내종양적출술(악성[림프절청소포함])-구강저 병소제거'),
	('Q2211', '하마종조대술'),
	('Q2220', '하마종적출술'),
	('Q2231', '이하선종양적출술(양성)'),
	('Q2232', '이하선종양적출술(악성[림프절청소포함])'),
	('Q2236', '악하선및설하선적출술'),
	('Q2242', '타석적출술(타액선적출)'),
	('Q2251', '인후농양절개술(경구강)'),
	('Q2252', '인후농양절개술(경경부)'),
	('Q2255', '인두림프선와농전제거술'),
	('Q2261', '연장경상돌기제거술'),
	('Q2280', '아데노이드절제술'),
	('Q2285', '윤상인두근절개술'),
	('Q2291', '인두양성종양절제술'),
	('Q2292', '구인두악성종양수술(단순절제)'),
	('Q2293', '구인두악성종양수술(복잡절제-하악골등포함)'),
	('Q2294', '하인두악성종양부분절제술'),
	('Q2300', '편도전적출술'),
	('Q2310', '설편도절제술'),
	('Q2320', '편도주위농양절개술또는흡인술'),
	('Q2331', '식도 절개술(경부접근)'),
	('Q2332', '식도 절개술(흉부접근)'),
	('Q2333', '식도조루술'),
	('Q2341', '식도봉합술(경부접근)'),
	('Q2342', '식도봉합술(흉부접근)'),
	('Q2343', '식도봉합술(복부접근)'),
	('Q2346', '단순식도절제술(경, 복부접근)'),
	('Q2347', '단순식도절제술(흉, 복부접근)'),
	('Q2348', '단순식도절제술(경,흉, 복부접근)'),
	('Q2351', '식도열공탈장정복술(흉부접근)'),
	('Q2352', '식도열공탈장정복술(복부접근)'),
	('Q2361', '식도우회재건술 (경,복부접근)'),
	('Q2362', '식도우회재건술 (흉,복부접근)'),
	('Q2363', '식도우회재건술 (경,흉,복부접근)'),
	('Q2365', '식도절제후 재건술(피판성형)'),
	('Q2366', '식도절제후 재건술(위이용)'),
	('Q2367', '식도절제후 재건술(공장이용)'),
	('Q2368', '식도절제후 재건술(유리공장이식)'),
	('Q2369', '식도절제후 재건술(대장이용)'),
	('Q2382', '식도이물제거술(흉부접근)'),
	('Q2383', '식도이물제거술(경부접근)'),
	('Q2390', '식도양성종양적출술(식도입구부)'),
	('Q2391', '식도양성종양적출술(흉부접근)'),
	('Q2392', '식도양성종양적출술(복부접근)'),
	('Q2401', '식도 악성종양근치수술(림프절 청소포함)-경,복부접근'),
	('Q2402', '식도 악성종양근치수술(림프절 청소포함)-흉,복부접근'),
	('Q2403', '식도 악성종양근치수술(림프절 청소포함)-경,흉,복부접근'),
	('Q2411', '선천성식도무공증 수술(식도문합)'),
	('Q2412', '선천성식도무공증 수술(기관식도루제거)'),
	('Q2413', '선천성식도무공증 수술(식도문합와 기관식도루제거 동시 실시)'),
	('Q2423', '식도게실절제술-경부접근'),
	('Q2424', '식도게실절제술-흉부접근'),
	('Q2430', '식도정맥류수술(직접결찰법)-복부접근'),
	('Q2431', '식도정맥류수술(직접결찰법)-흉부접근'),
	('Q2432', '식도정맥류수술(식도혹은상부위절단문합술)'),
	('Q2433', '식도정맥류수술(식도,위주위혈행차단술)'),
	('Q2438', '식도,위주위혈행차단술과식도혹은상부위절단문합술동시시행'),
	('Q2440', '진단적개복술'),
	('Q2490', '횡격막하 농양 절개 및 배농술'),
	('Q2501', '후복막종양적출술(양성)'),
	('Q2502', '후복막종양적출술(악성 또는 갈색세포종)'),
	('Q2510', '위절개술(이물제거, 혈관결찰 등 단순한 수술 포함)'),
	('Q2521', '위폴립절제술'),
	('Q2533', '위전절제술(림프절 청소를 포함)-복부접근'),
	('Q2534', '위전절제술(림프절 청소를 포함)-흉복부접근'),
	('Q2535', '위전절제술(기타의 것)'),
	('Q2540', '위또는십이지장천공단순봉합술'),
	('Q2550', '미주신경절단술(고위선택적)'),
	('Q2551', '미주신경절단술(체간미주신경절단술)-우회술 또는 유문성형술 동시실시'),
	('Q2552', '미주신경절단술(체간미주신경절단술)-위절제술동시실시'),
	('Q2561', '유문성형술(비후성유문근절개술)'),
	('Q2562', '유문성형술(기타)'),
	('Q2571', '위장문합술(십이지장)'),
	('Q2572', '위장문합술(공장)'),
	('Q2573', '위장문합술(Roux-en-Y 공장)'),
	('Q2594', '위아부분절제술(림프절 청소를 포함하는것)'),
	('Q2595', '위아전절제술(림프절 청소를 포함하는것)'),
	('Q2596', '위유문부보존[근위부절제포함]절제술(림프절 청소를 포함하는것)'),
	('Q2597', '위아전절제술(기타의것)-설상 또는 부분'),
	('Q2598', '위아전절제술(기타의것)-근위부절제'),
	('Q2601', '식도공장문합술(Roux-en-Y,Loop 포함)'),
	('Q2612', '위루술(경피적[내시경유도포함])'),
	('Q2613', '위루술(관혈적)-일시적'),
	('Q2614', '위루술(관혈적)-영구적'),
	('Q2640', '장절개술'),
	('Q2645', '소장또는결장폴립절제술'),
	('Q2650', '소장절제술'),
	('Q2651', '소장절제술(림프절청소를 하는 경우)'),
	('Q2655', '장게실절제술'),
	('Q2671', '결장절제술(우반 또는 좌반)'),
	('Q2672', '결장절제술(전체)'),
	('Q2673', '결장절제술(부분절제)'),
	('Q2676', '선천성거대결장수술(협착부근절제)'),
	('Q2679', '결장절제술 및 결장루, 원위장 폐쇄(하트만 수술)'),
	('Q2680', '장문합술'),
	('Q2687', '선천성거대결장근본수술(결장형)'),
	('Q2688', '선천성거대결장근본수술(전결장형)'),
	('Q2691', '장폐색증수술(장절제동반)'),
	('Q2692', '장폐색증수술(우회술)'),
	('Q2693', '장폐색증수술(폐색장관유착박리술)'),
	('Q2710', '장고정술'),
	('Q2721', '제허니아근본수술(장관절제를 동반하는 것)'),
	('Q2722', '제허니아근본수술(기타의것)'),
	('Q2731', '반흔허니아근본수술(장관절제를 동반하는 것)'),
	('Q2732', '반흔허니아근본수술(기타의것)'),
	('Q2753', '서혜부허니아근본수술(장관절제를동반하는것,고위결찰만하는경우)'),
	('Q2754', '서혜부허니아근본수술(장관절제를동반하는것,고위결찰및후벽보강-인공막이용포함)'),
	('Q2755', '서혜부허니아근본수술(기타의것,고위결찰만하는경우)'),
	('Q2756', '서혜부허니아근본수술(기타의것,고위결찰및후벽보강-인공막이용포함)'),
	('Q2757', '대퇴허니아수술'),
	('Q2761', '장간막종양적출술(장관절제를 동반하는 것)'),
	('Q2762', '장간막종양적출술(기타의 것)'),
	('Q2771', '장및장간막손상수술(장관절제를동반하는것)'),
	('Q2773', '장 및 장간막 손상수술(장막또는장파열봉합만하는경우)'),
	('Q2774', '장 및 장간막 손상수술(장간막 봉합만 하는경우)'),
	('Q2775', '장막또는장파열봉합과 장간막봉합을 동시시행한경우'),
	('Q2781', '제류 또는 복벽균열수술'),
	('Q2791', '장루조성술(인공항문조성술)-튜브형(feeding jejunostomy 포함)'),
	('Q2792', '장루조성술(인공항문조성술)-루프형'),
	('Q2793', '장루조성술(인공항문조성술)-말단형'),
	('Q2794', '장루조성술(인공항문조성술)-이중말단형'),
	('Q2795', '장루조성술(인공항문조성술)-장루교정술'),
	('Q2801', '장루폐쇄술(루프형)'),
	('Q2802', '장루폐쇄술(말단형)'),
	('Q2803', '장루폐쇄술(이중말단형)'),
	('Q2810', '장관유착박리술'),
	('Q2831', '선천성장무공증수술-단순복원술(절제문합)'),
	('Q2832', '선천성장무공증수술-복합복원술(검경성형, 분획성형 등)'),
	('Q2841', '장이상회전증수술-복원술(라드술식)'),
	('Q2842', '장이상회전증수술-장절제동반(라드술식포함)'),
	('Q2850', '충수주위농양절개술'),
	('Q2861', '충수절제술(단순)'),
	('Q2862', '충수절제술(천공성)'),
	('Q2871', '내장탈장수술(정복술)'),
	('Q2872', '내장탈장수술(장절제술)'),
	('Q2881', '직장항문주위농양수술(표재성-절개배농)'),
	('Q2882', '직장항문주위농양수술(표재성-괄약근절개동반)'),
	('Q2883', '직장항문주위농양수술(심부)'),
	('Q2890', '직장종양절제술(경천골또는방천골접근)'),
	('Q2891', '직장종양절제술(경항문접근)'),
	('Q2901', '회장낭항문문합술'),
	('Q2910', '고위직장루수술'),
	('Q2921', '직장 및 에스장절제술(전방절제)'),
	('Q2922', '직장 및 에스장절제술(저위전방절제)'),
	('Q2923', '직장 및 에스장절제술(복회음절제 혹은 복천골절제)'),
	('Q2924', '직장 및 에스장절제술(복부 풀수루수술)'),
	('Q2925', '결장및직장전절제술(회장루동시실시)'),
	('Q2926', '결장및직장전절제술(회장낭항문문합술동시실시)'),
	('Q2933', '직장탈교정술(회음부수술)-경화요법'),
	('Q2934', '직장탈교정술(회음부수술)-직장및결장점막절제후장봉축술[델롬씨수술]'),
	('Q2935', '직장탈 교정술(회음부수술)-장관절제술[알테마이어씨 수술]'),
	('Q2936', '직장탈교정술(회음부수술)-기타'),
	('Q2937', '직장탈교정술(개복수술)-천골고정술'),
	('Q2938', '직장탈 교정술(개복수술)-장절제'),
	('Q2950', '치열수술'),
	('Q2974', '저위관통형치루절개술 및 절제술'),
	('Q2975', '고위혹은복잡형치루수술(한리수술및기타괄약근보존술식)'),
	('Q2976', '고위혹은복잡형치루수술(근충전술혹은점막근육편이동)'),
	('Q2977', '고위혹은복잡형치루수술(시톤수술-설치술)'),
	('Q2978', '고위혹은복잡형치루수술(시톤수술-절단술)'),
	('Q2981', '선천성직장항문기형수술(저위기형)'),
	('Q2982', '선천성직장항문기형수술(고위기형),천미골접근술'),
	('Q2983', '선천성직장항문기형수술(고위기형),천미골접근술및개복술'),
	('Q2984', '선천성직장항문기형수술(고위기형),총배설강기형교정'),
	('Q2985', '선천성직장항문기형수술(고위기형),복강경하수술'),
	('Q2991', '항문협착부위절단술'),
	('Q2992', '항문협착증교정술(피부판,피부편이용)'),
	('Q3002', '항문괄약근성형술(괄약근만성형)'),
	('Q3003', '항문괄약근성형술(괄약근및거상근성형술)'),
	('Q3012', '혈전성치핵(내치핵)절제술'),
	('Q3013', '치핵근치술'),
	('Q3014', '교액성환상치핵의수술'),
	('Q3017', '원형자동문합기치핵절제술'),
	('Q3020', '직장류교정수술'),
	('Q3031', '총배설강외번증수술'),
	('Q3041', '모소동수술(조대술)'),
	('Q3042', '모소동 수술(절제술)'),
	('Q7211', '간농양(낭종)수술-개복에의한흡인또는주입술'),
	('Q7212', '간농양(낭종)수술-배액을위한간절개술'),
	('Q7213', '간농양(낭종)수술-조대술'),
	('Q7214', '간농양(낭종)수술-낭종적출술'),
	('Q7221', '간절제술-부분절제'),
	('Q7222', '간절제술-구역절제'),
	('Q7223', '간절제술-간엽절제'),
	('Q7224', '간절제술-3구역절제'),
	('Q7230', '간,췌,십이지장절제술'),
	('Q7240', '간파열봉합술'),
	('Q7250', '간동맥결찰술'),
	('Q7260', '문정맥하공정맥문합술'),
	('Q7270', '상장간막정맥하공정맥문합술'),
	('Q7310', '담도절개술 및 담석제거술'),
	('Q7321', '담도확장술-단순[카테타등이용하여확장만하는경우]'),
	('Q7322', '담도확장술-담도성형술'),
	('Q7331', '담도낭종수술-우회술'),
	('Q7332', '담도낭종수술-절제술'),
	('Q7341', '담도종양수술-양성'),
	('Q7342', '담도종양수술-악성;근치적담도절제술'),
	('Q7351', '담도장문합술-담도-십이지장'),
	('Q7352', '담도장문합술-담도-공장[Roux-en-Y]'),
	('Q7360', '간내담도장문합술 [Roux-en-Y 시술 포함]'),
	('Q7371', '선천성 담도폐쇄증수술-간문부장문합술'),
	('Q7372', '선천성 담도폐쇄증수술-간문부담낭문합술'),
	('Q7380', '담낭절제술'),
	('Q7390', '담낭조루술,담낭절개술[담석제거포함]'),
	('Q7400', '담낭장문합술'),
	('Q7410', '담낭악성종양근치수술'),
	('Q7420', '오디씨괄약근절개및성형술'),
	('Q7511', '췌장농양절개술또는주위배액술-단순[절개,주위배액등]'),
	('Q7512', '췌장농양절개술 또는 주위배액술-복잡 [변연절제, 부분절제 포함'),
	('Q7520', '췌장손상봉합술'),
	('Q7531', '췌장관결석제거-십이지장절개에의한것'),
	('Q7532', '췌장관결석제거-췌장절개에의한것[췌관-장문합술포함]'),
	('Q7541', '췌장가성낭종수술-조대술'),
	('Q7542', '췌장가성낭종수술-외부배액법'),
	('Q7543', '췌장가성낭종수술-내부배액법'),
	('Q7550', '췌장양성종양(낭종,선종)절제'),
	('Q7561', '췌절제술-전절제'),
	('Q7562', '췌절제술-십이지장보존췌장두부절제'),
	('Q7563', '췌절제술-체부절제'),
	('Q7564', '췌절제술-구역절제'),
	('Q7565', '췌절제술-미부절제'),
	('Q7571', '췌십이지장절제술-휘플씨수술'),
	('Q7572', '췌십이지장절제술-유문보존수술'),
	('Q7580', '췌장루제거술'),
	('Q7591', '췌관장문합술-측측문합'),
	('Q7592', '췌관장문합술-단단문합'),
	('Q7761', '역행성담췌관내시경수술-유두괄약근절개술'),
	('Q7762', '역행성담췌관내시경수술-담(췌)관배액술'),
	('Q7763', '역행성담췌관내시경수술-내시경적담(췌)관협착확장술'),
	('Q7764', '역행성담췌관내시경수술-담(췌)석제거술(바스켓또는풍선카테타이용기계적쇄석술시)'),
	('Q7765', '역행성 담췌관 내시경 수술-담(췌)석제거술(전기수압쇄석술시)'),
	('Q7766', '역행성담췌관내시경수술-용종및종양제거술'),
	('Q7767', '역행성담췌관내시경수술-이물질제거술'),
	('Q7771', '경피적담관[낭]경이용시술[PTBDroute또는T-tube이용]-담관확장술(단순-카테타등이용'),
	('Q7772', '경피적담관[낭]경을이용한시술[PTBDroute또는T-tube을이용한경우]-담관확장술(스텐트'),
	('Q7773', '경피적담관[낭]경이용시술[PTBD또는T-tube이용]-담석제거술(바스켓또는풍선카테타이용기계'),
	('Q7774', '경피적담관[낭]경이용시술[PTBDroute또는T-tube이용]-담석제거술(전기수압식쇄석술시'),
	('Q7775', '경피적담관[낭]경이용시술[PTBDroute또는T-tube이용]-용종및종양제거술 '),
	('Q7776', '경피적담관[낭]경이용시술[PTBDroute또는T-tube이용]-이물질제거술  '),
	('Q8030', '간적출술[이식용]-뇌사자(전간)'),
	('Q8031', '간적출술[이식용]-뇌사자(전간,우삼구역)'),
	('Q8032', '간적출술[이식용]-뇌사자(전간,단순우엽)'),
	('Q8033', '간적출술[이식용]-뇌사자(분할,좌외측구역)'),
	('Q8034', '간적출술[이식용]-뇌사자(분할,좌엽)'),
	('Q8035', '간적출술[이식용]-생체(좌외측구역)'),
	('Q8036', '간적출술[이식용]-생체(간엽)'),
	('Q8037', '간적출술[이식용]-생체(확대우엽)'),
	('Q8040', '간이식술-뇌사자(전간)'),
	('Q8041', '간이식술-뇌사자(전간,우삼구역)'),
	('Q8042', '간이식술-뇌사자(전간,단순우엽)'),
	('Q8043', '간이식술-뇌사자(분할,좌외측구역)'),
	('Q8044', '간이식술-뇌사자(분할,좌엽)'),
	('Q8045', '간이식술-생체(좌외측구역)'),
	('Q8046', '간이식술-생체(좌엽)'),
	('Q8047', '간이식술-생체(단순우엽)'),
	('Q8048', '간이식술-생체(확대우엽)'),
	('Q8049', '간이식술-생체(변형우엽)'),
	('Q8050', '간이식술-생체(두개의절편이용)'),
	('Q8051', '췌적출술[이식용]-부분'),
	('Q8052', '췌적출술[이식용]-췌장및십이지장'),
	('Q8061', '췌이식술-부분'),
	('Q8062', '췌이식술-췌장및십이지장'),
	('Q8070', '심장적출술'),
	('Q8080', '심장이식술'),
	('Q8091', '폐적출술[이식용]-일측폐'),
	('Q8092', '폐적출술[이식용]-양측폐'),
	('Q8101', '폐이식술-일측폐'),
	('Q8102', '폐이식술-양측폐'),
	('Q8103', '폐이식술-심장및폐'),
	('Q8140', '간이식술[재이식]-뇌사자(전간)'),
	('Q8141', '간이식술[재이식]-뇌사자(전간,우삼구역)'),
	('Q8142', '간이식술[재이식]-뇌사자(전간,단순우엽)'),
	('Q8143', '간이식술[재이식]-뇌사자(분할,좌외측구역)'),
	('Q8144', '간이식술[재이식]-뇌사자(분할,좌엽)'),
	('Q8145', '간이식술[재이식]-생체(좌외측구역)'),
	('Q8146', '간이식술[재이식]-생체(좌엽)'),
	('Q8147', '간이식술[재이식]-생체(단순우엽)'),
	('Q8148', '간이식술[재이식]-생체(확대우엽)'),
	('Q8149', '간이식술[재이식]-생체(변형우엽)'),
	('Q8150', '간이식술[재이식]-생체(두개의절편이용)'),
	('QA421', '식도근절개술(헬러술식)-흉부접근'),
	('QA422', '식도근절개술(헬러술식)-복부접근'),
	('QA423', '식도항역류수술-흉부접근'),
	('QA424', '식도항역류수술-복부접근'),
	('QA425', '기타 식도분문성형술-흉부접근'),
	('QA426', '기타 식도분문성형술-복부접근'),
	('QA533', '위전절제술(림프절 청소를 포함)-전치공장문합술 실시,복부접근'),
	('QA534', '위전절제술(림프절 청소를 포함)-전치공장문합술 실시,흉복부접근'),
	('QA535', '위전절제술(기타의 것)-전치공장문합술 실시'),
	('QA594', '위아부분절제술(림프절청소포함)-전치공장문합술실시'),
	('QA595', '위아전절제술(림프절청소포함)-전치공장문합술실시'),
	('QA596', '위유문부보존[근위부절제포함]절제술(림프절청소포함)-전치공장문합술실시'),
	('QA597', '위아전절제술(기타의것)-설상 또는 부분(전치공장문합술을 실시)'),
	('QA598', '위아전절제술(기타의것)-근위부절제(전치공장문합술을 실시)'),
	('QA671', '결장절제술(우반 또는 좌반)-림프절청소를 하는 경우'),
	('QA672', '결장절제술(전체)-림프절청소를 하는 경우'),
	('QA673', '결장절제술(부분절제)-림프절청소를 하는 경우'),
	('QA679', '결장절제술 및 결장루, 원위장 폐쇄(하트만 수술) -림프절청소를 하는 경우'),
	('QA753', '재발서혜부허니아수술(장관절제를동반하는것,고위결찰만하는경우)'),
	('QA754', '재발서혜부허니아수술(장관절제를동반하는것,고위결찰및후벽보강-인공막이용포함)'),
	('QA755', '재발서혜부허니아수술(기타의것,고위결찰만하는경우)'),
	('QA756', '재발서혜부허니아수술(기타의것,고위결찰및후벽보강-인공막이용포함)'),
	('QA921', '직장 및 에스장절제술+림프절청소를 하는 경우(전방절제)'),
	('QA922', '직장 및 에스장절제술+림프절청소를 하는 경우(저위전방절제)'),
	('QA923', '직장 및 에스장절제술+림프절청소를 하는 경우(복회음절제 혹은 복천골절제)'),
	('QA924', '직장 및 에스장절제술+림프절청소를 하는 경우(복부 풀수루수술)'),
	('QA925', '결장및직장전절제술(회장루동시실시)-림프절청소를하는경우'),
	('QA926', '결장및직장전절제술(회장낭항문문합술동시실시)--림프절청소를하는경우'),
	('QX271', '타액관성형술 '),
	('QY861', '간절제술[이식용]-사체'),
	('QY862', '간절제술[이식용]-생체'),
	('QY921', '췌절제술[이식용]-부분'),
	('QY922', '췌절제술[이식용]-전체'),
	('QY923', '췌절제술[이식용]-췌장및십이지장절제술'),
	('R3131', '유도분만[촉진분만포함](초산)-제1태아'),
	('R3133', '유도분만[촉진분만포함](초산)-다태아분만시 제2태아부터[1인당]'),
	('R3136', '유도분만[촉진분만포함](경산)-제1태아'),
	('R3138', '유도분만[촉진분만포함](경산)-다태아분만시 제2태아부터[1인당]'),
	('R3141', '겸자또는흡입분만(초산)-제1태아'),
	('R3143', '겸자또는흡입분만(초산)-다태아분만시 제2태아부터[1인당]'),
	('R3146', '겸자또는흡입분만(경산)-제1태아'),
	('R3148', '겸자또는흡입분만(경산)-다태아분만시 제2태아부터[1인당]'),
	('R3151', '요관방광문합술(단순)'),
	('R3152', '요관방광문합술(중복요관)'),
	('R3153', '요관방광문합술(요관축소성형포함)'),
	('R3154', '요관방광문합술(방광편이용)'),
	('R3156', '요관신배문합술'),
	('R3170', '요관에스자결장문합술(양측)'),
	('R3180', '요관단단문합술'),
	('R3191', '경요도적요관풍선확장술'),
	('R3192', '경피적요관확장술[경피적신루설치술,방사선료포함]'),
	('R3195', '연성신요관경하 요관협착확장술'),
	('R3197', '경요도적신우요관절개술[방사선료포함]'),
	('R3200', '경요도적요관류절제술'),
	('R3211', '경피적요관절석술[상부요관][경피적신루설치술,방사선료포함]'),
	('R3216', '요관경하요관절석술(상부)'),
	('R3217', '요관경하요관절석술(중부)'),
	('R3218', '요관경하요관절석술(하부)'),
	('R3220', '좌우요관문합술'),
	('R3231', '요관장방광문합술'),
	('R3235', '요관장피부문합술[양측],실금성'),
	('R3236', '요관장피부문합술[양측],비실금성'),
	('R3241', '방광확대성형술[장이용]'),
	('R3251', '방광대치술[장이용]'),
	('R3261', '요관스텐트설치술(요관경하)'),
	('R3262', '요관스텐트설치술(방관경하)'),
	('R3263', '요관스텐트설치술(경피적)[경피적신루설치술,방사선료포함]'),
	('R3264', '요관스텐트설치술(관혈적)'),
	('R3266', '요관스텐트제거술(요관경하)'),
	('R3267', '요관스텐트제거술(방광경하)'),
	('R3268', '요관스텐트제거술(경피적)[경피적신루설치술,방사선료포함]'),
	('R3269', '요관스텐트제거술(관혈적)'),
	('R3271', '신적출술(단순전적출)'),
	('R3272', '신적출술(신이식용적출)'),
	('R3273', '신적출술(근치적전적출,림프절및부신적출포함)'),
	('R3274', '신적출술(피막하적출)'),
	('R3275', '신적출술(이식된신적출)'),
	('R3280', '신이식술'),
	('R3290', '신부분절제술'),
	('R3303', '신내시경하신장이물제거술[경피적신루설치술,방사선료포함]'),
	('R3305', '신내시경하신종양절제술[경피적신루설치술,방사선료포함]'),
	('R3311', '단순신낭종절제술'),
	('R3312', '신장파열봉합술'),
	('R3320', '신루설치술(관혈적)'),
	('R3321', '신루설치술(경피적[방사선료포함])'),
	('R3330', '신고정술'),
	('R3340', '유합신이단술'),
	('R3360', '신주위농양절개술'),
	('R3370', '신절개술(절석포함)'),
	('R3375', '경피적신절석술[경피적신루설치술,방사선료포함]'),
	('R3390', '신우절석술'),
	('R3400', '신우,요관성형술'),
	('R3411', '신우루설치술'),
	('R3416', '경피적신우루설치술'),
	('R3421', '관혈적요관절석술(상부)'),
	('R3422', '관혈적요관절석술(중부)'),
	('R3423', '관혈적요관절석술(하부)'),
	('R3424', '연성신요관경하 결석제거술-신장'),
	('R3425', '연성신요관경하 결석제거술(요관)-상부'),
	('R3426', '연성신요관경하 결석제거술(요관)-중부'),
	('R3427', '연성신요관경하 결석제거술(요관)-하부'),
	('R3432', '요관적출술(신요관전적출술)'),
	('R3433', '요관적출술(잔류요관적출술)'),
	('R3440', '요관피부문합술'),
	('R3441', '요관경하요관이물제거술'),
	('R3451', '요관경하요관종양절제술'),
	('R3461', '방광절개술(결석,이물등)'),
	('R3462', '방광절개술(종양-방광벽절제를동반치않는것)'),
	('R3470', '방광부분절제술'),
	('R3481', '방광전적출술(근치적-림프절적출포함)'),
	('R3482', '방광전적출술(기타의것)'),
	('R3501', '체외충격파쇄석술(3회실시기준)[신,뇨관결석또는담석,췌석]'),
	('R3511', '경요도적방광내수술(결석이물등)'),
	('R3512', '경요도적방광내수술(종양)'),
	('R3514', '경요도적방광내수술(요관구절개술)'),
	('R3515', '경요도적방광내수술(방광소작)'),
	('R3516', '전립선온열요법'),
	('R3520', '경요도적괄약근절제술'),
	('R3530', '경요도적방광경부절제술'),
	('R3550', '방광파열봉합술'),
	('R3561', '요실금수술(질강을통한수술)'),
	('R3562', '요실금수술(개복에의한수술)'),
	('R3566', '인공요도괄약근제거술'),
	('R3571', '방광루설치술(관혈적)'),
	('R3580', '방광주위 농양절개술'),
	('R3590', '후방광종양적출술'),
	('R3600', '방광경부성형술'),
	('R3610', '방광외번증교정술'),
	('R3620', '방광류교정술'),
	('R3630', '방광게실교정술'),
	('R3663', '요도경하수술(요도스텐트설치술)'),
	('R3664', '요도경하수술(요도파열교정술)'),
	('R3665', '요도경하수술(요도절개술)'),
	('R3673', '요도결석또는이물제거술(후부요도)'),
	('R3681', '요도협착수술(전부요도)'),
	('R3682', '요도협착수술(회음부)'),
	('R3683', '요도협착수술(경치골)'),
	('R3691', '요도하열성형술(색대절제)'),
	('R3692', '요도하열성형술(귀두부)'),
	('R3693', '요도하열성형술(음경부)'),
	('R3694', '요도하열성형술(회음부)'),
	('R3700', '요도상열성형술'),
	('R3725', '요도탈출교정술'),
	('R3740', '요도루설치술'),
	('R3750', '요도주위농양절개술'),
	('R3755', '요도적출술-남성요도'),
	('R3756', '요도적출술-여성요도'),
	('R3760', '요도게실절제술'),
	('R3765', '요막관기형교정술'),
	('R3791', '음경절제술-부분절제'),
	('R3792', '음경절제술-전절제'),
	('R3795', '음경재문합술'),
	('R3801', '음경악성종양적출술-림프절적출포함'),
	('R3802', '음경악성종양적출술-기타'),
	('R3810', '음경성형술'),
	('R3815', '음경음낭전위교정술'),
	('R3822', '포경수술[질병을동반하는것에한함]-환상절개'),
	('R3841', '페이로니씨병교정술-단순'),
	('R3842', '페이로니씨병교정술-진피이식포함'),
	('R3843', '음경지속발기증수술:음경해면체-귀두누공설치술'),
	('R3844', '음경지속발기증수술:음경해면체-표재배부정맥단락술'),
	('R3845', '음경지속발기증수술:음경해면체-요도해면체단락술'),
	('R3846', '음경지속발기증수술:음경해면체-대복재정맥단락술'),
	('R3851', '고환적출술-단순고환'),
	('R3852', '고환적출술-정류고환'),
	('R3853', '고환적출술-부분'),
	('R3856', '고환파열교정술'),
	('R3861', '고환악성종양적출술 [양측]-림프절적출 포함'),
	('R3862', '고환악성종양적출술[양측]-기타'),
	('R3871', '자가고환이식술'),
	('R3881', '고환고정술-복강내고환'),
	('R3882', '고환고정술-서혜부및음낭고환'),
	('R3891', '부고환적출술'),
	('R3893', '정관수술[양측]-정관정관문합술'),
	('R3894', '정관수술[양측]-부고환정관문합술'),
	('R3901', '음낭절제술-전절제'),
	('R3902', '음낭절제술-부분절제'),
	('R3903', '음낭재건술'),
	('R3910', '음낭수종근본수술'),
	('R3920', '음낭농양절개술'),
	('R3925', '음낭피부루절제술'),
	('R3930', '정낭적출술'),
	('R3935', '경요도적정구절제술'),
	('R3940', '전립선농양절개술'),
	('R3950', '전립선적출술'),
	('R3960', '전립선정낭전적출술[림프절적출포함]'),
	('R3975', '경요도적전립선절제술'),
	('R3976', '광선택적전립선기화술'),
	('R3990', '정계정맥류절제술'),
	('R3991', '정액류절제술'),
	('R3992', '정자육아종절제술'),
	('R4001', '외성기종양적출술-양성'),
	('R4003', '외성기종양적출술(악성)-단순'),
	('R4004', '외성기종양적출술(악성)-근치 [림프절절제술포함]'),
	('R4023', '회음열창봉합술-항문에달하는것'),
	('R4024', '회음열창봉합술-질원개에달하는것'),
	('R4025', '회음열창봉합술-직장열창을동반하는것'),
	('R4026', '자궁경관열상봉합술'),
	('R4040', '처녀막절제술'),
	('R4041', '음순유착해리술'),
	('R4042', '음핵성형술;양성의경우'),
	('R4050', '바도린선농양절개술'),
	('R4060', '바도린선낭종절제술'),
	('R4065', '바도린선낭종조대술'),
	('R4070', '질종양적출술-양성인것'),
	('R4071', '질종양적출술(악성인것)-단순[질절제술만하는경우]'),
	('R4072', '질종양적출술(악성인것)-근치[림프절절제술포함]'),
	('R4073', '질종양적출술(악성인것,자궁적출술 포함)-단순[질절제술만 하는 경우]'),
	('R4074', '질종양적출술(악성인것)-근치[림프절절제술포함](자궁적출술포함)'),
	('R4081', '질벽봉합술[분만시제외,치료목적에한함]-전질벽성형'),
	('R4082', '질벽봉합술[분만시제외,치료목적에한함]-후질벽및회음성형'),
	('R4083', '질벽봉합술[분만시제외,치료목적에한함]-전질벽,후질벽및회음성형'),
	('R4085', '직장질루교정술-질부조작'),
	('R4086', '직장질루교정술-경항문 혹은 경회음부조작'),
	('R4087', '직장질루교정술-복부조작'),
	('R4091', '질폐쇄증수술-인공질조성술'),
	('R4092', '질폐쇄증수술-확장기이용에의한것'),
	('R4101', '질식배농술-다글라스와'),
	('R4102', '질식배농술-질벽'),
	('R4103', '질벽혈종제거'),
	('R4111', '질탈교정술(수술적치료)-복부접근'),
	('R4112', '질탈교정술(수술적치료)-질부접근'),
	('R4121', '자궁근종절제술(복부접근)-단순[장막하근종]'),
	('R4122', '자궁근종절제술(복부접근)-복잡[근층내,점막하,인대간,간질내,복막하,결절2개이상의다발성인경우'),
	('R4123', '자궁근종절제술-질부접근'),
	('R4125', '자궁경하자궁근종절제술-3cm이하'),
	('R4126', '자궁경하자궁근종절제술-3cm이상[다발성포함]'),
	('R4130', '자궁질상부절단술'),
	('R4143', '전자궁적출술(림프절절제를하는경우)-단순'),
	('R4144', '전자궁적출술(림프절절제를하는경우)-복잡[유착박리를동반한경우]'),
	('R4145', '전자궁적출술(림프절절제를하지않는경우)-단순'),
	('R4146', '전자궁적출술(림프절절제를하지않는경우)-복잡[유착박리를동반한경우]'),
	('R4154', '광범위자궁적출 및 양측골반림프절절제술-대동맥주위림프절 생검을 하는 경우'),
	('R4155', '광범위자궁적출 및 양측골반림프절절제술-대동맥주위림프절 생검을안 하는 경우'),
	('R4156', '골반내용물제거술'),
	('R4157', '골반및대동맥주위림프절절제술 '),
	('R4160', '골반내용물유착박리술'),
	('R4165', '골반경하골반내용물소작술'),
	('R4166', '골반경에의한이물제거술'),
	('R4170', '기형자궁성형술'),
	('R4181', '자궁내반증수술-Kustner수술'),
	('R4183', '자궁내반증수술-전자궁적출술에의한것'),
	('R4202', '자궁탈근본수술-질식자궁전적출술'),
	('R4203', '자궁탈근본수술-질식자궁전적출술및질벽봉합술'),
	('R4204', '자궁탈근본수술-Manchester수술'),
	('R4211', '자궁위치교정술-알렉산더수술또는도래리수술'),
	('R4212', '자궁위치교정술-유착성자궁위치이상박리교정술'),
	('R4215', '자궁거상술'),
	('R4221', '자궁파열수술-전자궁적출을하는경우'),
	('R4223', '자궁파열수술-자궁질상부절단하는경우'),
	('R4224', '자궁파열수술-자궁파열봉합술을하는경우'),
	('R4230', '자궁경하자궁내막소작박리술'),
	('R4235', '자궁경하자궁강내유착박리술'),
	('R4241', '자궁경하자궁내막폴립제거술'),
	('R4250', '자궁경부암근치술[질부접근]'),
	('R4261', '자궁경부원추형절제술-수술도이용'),
	('R4262', '자궁경부원추형절제술-전기루프이용'),
	('R4281', '자궁경관봉축술-맥도날드'),
	('R4282', '자궁경관봉축술-쉬로도카법'),
	('R4283', '자궁경관봉축술-복식자궁경관봉축술'),
	('R4291', '질중격절제술-전격인것'),
	('R4292', '질중격절제술-부전격인것'),
	('R4295', '자궁경하자궁강내격막절제술'),
	('R4331', '유착성자궁부속기절제술-편측'),
	('R4332', '유착성자궁부속기절제술-양측'),
	('R4341', '난관결찰술[양측](골반경이용)-난관결찰술을한경우'),
	('R4342', '난관결찰술[양측](골반경이용)-난관소작술을한경우'),
	('R4343', '난관결찰술[양측]-미니랩이용'),
	('R4344', '난관결찰술[양측]-자궁경이용'),
	('R4345', '난관결찰술[양측]-개복술에의한경우'),
	('R4351', '정상분만(초산)-제1태아'),
	('R4353', '정상분만(초산)-다태아분만시 제2태아부터[1인당]'),
	('R4356', '정상분만(경산)-제1태아'),
	('R4358', '정상분만(경산)-다태아분만시 제2태아부터[1인당]'),
	('R4360', '둔위분만'),
	('R4361', '둔위분만(초산)'),
	('R4362', '둔위분만(경산)'),
	('R4380', '제왕절개술기왕력이있는질식분만'),
	('R4390', '하복동맥결찰술[양측]'),
	('R4400', '난관구절개또는난관성형술'),
	('R4405', '난관채부성형술'),
	('R4411', '난관난관문합술'),
	('R4412', '자궁난관이식술'),
	('R4413', '난소위치전이술'),
	('R4421', '부속기종양적출술 [양측]-양성'),
	('R4423', '부속기종양적출술 [양측](악성)-단순 [난소및 부속기만 절제하는 경우]'),
	('R4424', '부속기종양적출술 [양측](악성)-근치 [대망절제 또는 림프절 절제술포함]'),
	('R4425', '부속기종양적출술 [양측]( 항암화학요법후의 2차추시개복술)-생검'),
	('R4426', '부속기종양적출술 [양측]( 항암화학요법후의 2차추시개복술)-종양감축술'),
	('R4427', '부속기종양적출술 [양측](악성,자궁적출술포함)-단순 [난소및 부속기만 절제하는 경우]'),
	('R4428', '부속기종양적출술 [양측](악성,자궁적출술포함)-근치 [대망절제 또는 림프절 절제술포함]'),
	('R4430', '난소부분절제술[질식포함]'),
	('R4435', '난소낭종또는난소농양배액술[질부접근]'),
	('R4441', '계류유산소파술-12주미만'),
	('R4442', '계류유산소파술-12주이상'),
	('R4452', '인공임신중절수술-임신8주이내'),
	('R4456', '인공임신중절수술-임신8주초과-12주미만'),
	('R4457', '인공임신중절수술-임신12주이상-16주미만'),
	('R4458', '인공임신중절수술-임신16주이상-20주미만'),
	('R4459', '인공임신중절수술-임신20주이상'),
	('R4460', '태아축소술'),
	('R4481', '포상기태제거술-흡인소파술에 의한 것'),
	('R4482', '포상기태제거술-전자궁적출술에 의한 것'),
	('R4504', '제왕절개술및자궁적출술(1태아임신의경우)-부분절제'),
	('R4505', '제왕절개술및자궁적출술(1태아임신의경우)-전절제'),
	('R4506', '제왕절개술및자궁적출술(다태아임신의경우)'),
	('R4507', '제왕절개술및자궁적출술(1태아임신의경우)-부분절제(초산)'),
	('R4508', '제왕절개술및자궁적출술(1태아임신의경우)-부분절제(경산)'),
	('R4509', '제왕절개술및자궁적출술(1태아임신의경우)-전절제(초산)'),
	('R4510', '제왕절개술및자궁적출술(1태아임신의경우)-전절제(경산)'),
	('R4513', '제왕절개만출술(1태아임신의경우)-초회'),
	('R4514', '제왕절개만출술(1태아임신의경우)-반복'),
	('R4515', '제왕절개만출술(다태아임신의경우)-초회'),
	('R4516', '제왕절개만출술(다태아임신의경우)-반복'),
	('R4517', '제왕절개만출술(1태아임신의경우)-초회(초산)'),
	('R4518', '제왕절개만출술(1태아임신의경우)-초회(경산)'),
	('R4519', '제왕절개만출술(다태아임신의경우)-초회(초산)'),
	('R4520', '제왕절개만출술(다태아임신의경우)-초회(경산)'),
	('R4521', '자궁소파수술'),
	('R4531', '자궁외임신수술-난관또는난소임신'),
	('R4532', '자궁외임신수술-자궁각임신'),
	('R4533', '자궁외임신수술-자궁경관임신'),
	('R4534', '자궁외임신수술-복강내임신'),
	('R5001', '제왕절개술및자궁적출술(다태아임신의경우)-(초산)'),
	('R5002', '제왕절개술및자궁적출술(다태아임신의경우)-(경산)'),
	('RA161', '요루절제술(신우와 장)'),
	('RA162', '요루절제술(신우와 피부)'),
	('RA163', '요루절제술(요관과 장)'),
	('RA164', '요루절제술(요관과 질)'),
	('RA165', '요루절제술(요관과 피부)'),
	('RA166', '요루절제술(방광과 장)'),
	('RA167', '요루절제술(방광과 질)'),
	('RA168', '요루절제술(방광과 피부)'),
	('RA169', '요루절제술(요도와 장)'),
	('RA311', '유도분만[촉진분만포함](초산)-제1태아-장애인등록증을교부받은장애인'),
	('RA312', '유도분만[촉진분만포함](초산)-다태아분만시 제2태아부터 [1인당]-장애인등록증을교부받은장애'),
	('RA313', '유도분만[촉진분만포함](경산)-제1태아-장애인등록증을교부받은장애인'),
	('RA314', '유도분만[촉진분만포함](경산)-다태아분만시 제2태아부터 [1인당]-장애인등록증을교부받은장애'),
	('RA315', '겸자 또는 흡입분만(초산)-제1태아-장애인등록증을교부받은장애인'),
	('RA316', '겸자 또는 흡입분만(초산)-다태아분만시 제2태아부터 [1인당]-장애인등록증을교부받은장애인'),
	('RA317', '겸자 또는 흡입분만(경산)-제1태아-장애인등록증을교부받은장애인'),
	('RA318', '겸자 또는 흡입분만(경산)-다태아분만시 제2태아부터 [1인당]-장애인등록증을교부받은장애인'),
	('RA361', '둔위분만(초산)-장애인등록증을교부받은장애인'),
	('RA362', '둔위분만(경산)-장애인등록증을교부받은장애인'),
	('RA380', '제왕절개술 기왕력이 있는 질식분만-장애인등록증을교부받은장애인'),
	('RA431', '정상분만(초산)-제1태아-장애인등록증을교부받은장애인'),
	('RA432', '정상분만(초산)-다태아분만시 제2태아부터 [1인당]-장애인등록증을교부받은장애인'),
	('RA433', '정상분만(경산)-제1태아-장애인등록증을교부받은장애인'),
	('RA434', '정상분만(경산)-다태아분만시 제2태아부터 [1인당]-장애인등록증을교부받은장애인'),
	('RB161', '요루절제술(요도와 질)'),
	('RB162', '요루절제술(후부요도와 피부)'),
	('RB163', '요루절제술(전부요도와 피부)'),
	('S0023', '창상봉합술(안면또는경부,단순봉합,제1범위,길이3.0cm이상또는근육에달하는것)'),
	('S0161', '국소피판술'),
	('S0162', '원거리피판술(수부이외원거리-서혜부,복부,둔부,교차상지,교차하지등)'),
	('S0163', '원거리피판술(수부내-교차수지피판,무지구피판등)'),
	('S0164', '도서형피판술'),
	('S0165', '근피판술'),
	('S0166', '근-피부피판술'),
	('S0167', '근막피판술'),
	('S0168', '근막-피부피판술'),
	('S0171', '전층피부이식술(안면부,25cm2미만)'),
	('S0172', '전층피부이식술(안면부,25cm2이상)'),
	('S0173', '전층피부이식술(수족부,25cm2미만)'),
	('S0174', '전층피부이식술(수족부,25cm2이상)'),
	('S0175', '전층피부이식술(기타,25cm2미만)'),
	('S0176', '전층피부이식술(기타,25cm2이상)'),
	('S4593', '신경성형술[감압,박리등]-두개강외뇌신경'),
	('S4594', '신경성형술[감압,박리등]-상완및요,천추신경총'),
	('S4595', '신경성형술[감압,박리등]-중요말초신경[사지부,구간등]'),
	('S4596', '신경성형술 [감압, 박리 등]-수족지부'),
	('S4600', '신경이식술[이식편채취포함]'),
	('S4601', '신경봉합술-두개강외 뇌신경'),
	('S4602', '신경봉합술-상완및요,천추신경총'),
	('S4603', '신경봉합술-중요말초신경[사지부,구간등]'),
	('S4604', '신경봉합술-수족지부'),
	('S4611', '신경절단술-두개강외뇌신경'),
	('S4612', '신경절단술-중요말초신경[사지부,구간등]'),
	('S4613', '신경절단술-수족지부'),
	('S4615', '신경종양절제술-양성'),
	('S4616', '신경종양절제술-악성'),
	('S4621', '혈종제거를 위한 개두술-경막하 혹은 경막외'),
	('S4622', '혈종제거를 위한 개두술-뇌실질내'),
	('S4625', '두개강내이물제거'),
	('S4631', '종양절제를 위한 개두술-천막상부'),
	('S4632', '종양절제를 위한 개두술-천막하부'),
	('S4633', '종양절제를 위한 개두술-경비적 뇌하수체종양 적출술'),
	('S4640', '뇌동맥류수술'),
	('S4651', '뇌동정맥기형적출술-뇌실질내'),
	('S4652', '뇌동정맥기형적출술-뇌경막'),
	('S4661', '두개강내혈관문합술-직접법'),
	('S4662', '두개강내혈관문합술-간접법'),
	('S4670', '경동맥결찰술'),
	('S4671', '척수동정맥기형수술 [척수혈관종포함]'),
	('S4681', '중추신경계기형수술-대뇌류'),
	('S4682', '중추신경계기형수술-척수수막류'),
	('S4683', '중추신경계기형수술-수막류'),
	('S4691', '척수 경막내 종양 및 병소절제술-경추'),
	('S4692', '척수 경막내 종양 및 병소절제술-흉추'),
	('S4693', '척수 경막내 종양 및 병소절제술-요추'),
	('S4694', '척수내 종양 및 병소절제술-경추'),
	('S4695', '척수내 종양 및 병소절제술-흉추'),
	('S4696', '척수내 종양 및 병소절제술-요추'),
	('S4701', '척수 경막외 종양 및 병소절제술-경추'),
	('S4702', '척수 경막외 종양 및 병소절제술-흉추'),
	('S4703', '척수 경막외 종양 및 병소절제술-요추'),
	('S4711', '단락술 또는 측로조성술-경막하 또는 지주막하와 타부위간'),
	('S4712', '단락술 또는 측로조성술-뇌실과 타부위간'),
	('S4713', '단락술 또는 측로조성술-척수내낭종 또는 척수공동과 타부위간'),
	('S4721', '뇌척수액루수술-두개강내'),
	('S4722', '뇌척수액루수술-척추강내'),
	('S4723', '뇌척수액루수술-비강접근'),
	('S4730', '미주신경자극기설치술'),
	('S4731', '간질수술(진단을 위한 전극삽입)-관혈적'),
	('S4732', '간질수술(진단을 위한 전극삽입)-뇌정위적 심부삽입'),
	('S4733', '간질수술-측두엽절제술 [경련부촛점제거술]'),
	('S4735', '간질수술-뇌량체절단술'),
	('S4736', '간질수술-뇌엽절제술 [반구절제포함]'),
	('S4737', '간질수술-다발성 대뇌피질연막하절단술'),
	('S4738', '두개강내 신경자극기설치술 [운동장애,간질,통증치료,난치성 강박장애 등]'),
	('S4739', '두개강내 신경자극기설치술 [운동장애,간질,통증치료 등]-천두술에 의한 경우'),
	('S4741', '뇌내시경수술- 진단목적'),
	('S4742', '뇌내시경수술- 개창술'),
	('S4743', '뇌내시경수술- 종양 또는 낭종절제'),
	('S4744', '뇌내시경수술- 기타 [혈종, 농양 배액 등]'),
	('S4751', '중추신경계 정위수술- 생검, 흡인, 병소절제'),
	('S4752', '중추신경계 정위수술(병소발생술)-경피적( 신경용해에 의한 것)'),
	('S4753', '중추신경계 정위수술(병소발생술)-경피적(기타의 것)'),
	('S4754', '중추신경계 정위수술(병소발생술)-절개에 의한 것'),
	('S4755', '중추신경계 정위수술-혈종제거'),
	('S4760', '뇌엽절단술 [대상회전절개포함]'),
	('S4770', '농양 배농 또는 적출을위한 개두술'),
	('S4780', '뇌엽절제술 [반구절제포함]'),
	('S4792', '두개강내 뇌신경 수술(신경절단술)-삼차신경'),
	('S4793', '두개강내 뇌신경 수술(신경절단술)-연수수삭 또는 중뇌수삭전리술'),
	('S4794', '두개강내 뇌신경 수술(신경절단술)-기타신경'),
	('S4796', '두개강내 뇌신경 수술(신경절단술)-전정신경'),
	('S4797', '두개강내 뇌신경 수술(신경감압술)-삼차신경'),
	('S4798', '두개강내 뇌신경 수술(신경감압술)-기타신경'),
	('S4799', '두개강내 뇌신경 수술-신경성형술'),
	('S4801', '뇌기저부수술 [경막을 이용한 이식포함]-전두개와'),
	('S4802', '뇌기저부수술 [경막을 이용한 이식포함]-중두개와'),
	('S4803', '뇌기저부수술 [경막을 이용한 이식포함]-후두개와'),
	('S4805', '뇌기저부수술후경막복원술'),
	('S4811', '경피적 척수낭종 혹은 공동 흡인술'),
	('S4821', '척수신경수술 [파괴, 절개, 절단 등]-DREZ파괴술'),
	('S4822', '척수신경수술 [파괴, 절개, 절단 등]-신경근절개술'),
	('S4823', '척수신경수술 [파괴, 절개, 절단 등]-척수절단술'),
	('S4824', '척수신경수술 [파괴, 절개, 절단 등]-척수부신경절개'),
	('S4831', '교감신경절절제술-경부'),
	('S4832', '교감신경절절제술-흉부'),
	('S4833', '교감신경절절제술-요부'),
	('S4834', '교감신경절절제술-경동맥주위'),
	('S4835', '교감신경절절제술-고동맥주위'),
	('S4836', '교감신경절절제술-기타'),
	('S4880', '안구내용제거술'),
	('S4891', '안구내이물제거술-자석이용'),
	('S4892', '안구내이물제거술-기타의것'),
	('S4895', '안와내이물제거술'),
	('S4900', '안구적출술'),
	('S4911', '안구충전물삽입술[2차적]'),
	('S4923', '각막궤양수술-결막판피복'),
	('S4941', '결막봉합술'),
	('S4950', '결막종양절제술'),
	('S5000', '공막봉합술'),
	('S5011', '공막이식술-공막편이식'),
	('S5012', '공막이식술-광범위공막이식'),
	('S5021', '홍체유착해리술'),
	('S5030', '광학적 홍체절제술'),
	('S5035', '홍체,모양체봉합술'),
	('S5041', '녹내장수술[레이저사용수술포함]-홍채절제술[원거술,공막절개,공막절제,홍채절제]'),
	('S5042', '녹내장수술[레이저사용수술포함]-여과수술[공막절개.절제,홍채감돈술,모양체박리술]'),
	('S5043', '녹내장수술[레이저사용수술포함]-섬유주절제술'),
	('S5044', '녹내장수술[레이저사용수술포함]-홍채,모양체응고술'),
	('S5045', '녹내장수술[레이저사용수술포함]-모양체냉동술'),
	('S5047', '녹내장수술[레이저사용수술포함]-현미경하섬유주대절개술'),
	('S5048', '녹내장수술[레이저사용수술포함]-현미경하슈렘관개방술'),
	('S5049', '녹내장수술[레이저사용수술포함]-녹내장임플란트삽입술'),
	('S5050', '유리체흡인술'),
	('S5060', '현미경하유리체이단술'),
	('S5070', '유리체내주입술'),
	('S5071', '유리체견인대해리술[레이저이용]-안구전반부'),
	('S5072', '유리체견인대해리술[레이저이용]-안구후반부'),
	('S5091', '전방세척'),
	('S5110', '백내장및수정체수술-모양체평면부수정체절제술'),
	('S5111', '백내장및수정체수술-수정체낭외또는낭내적출술'),
	('S5112', '백내장및수정체수술-후발성백내장수술'),
	('S5116', '인공수정체삽입술-이차'),
	('S5117', '인공수정체삽입술-일차[백내장수술과동시실시시]'),
	('S5118', '인공수정체교환술'),
	('S5119', '백내장및수정체수술-수정체유화술'),
	('S5121', '유리체절제술-전절제'),
	('S5122', '유리체절제술-부분절제'),
	('S5130', '망막박리수술'),
	('S5140', '망막열공냉동응고술'),
	('S5145', '망막주위막제거술'),
	('S5150', '시신경초 개방술'),
	('S5160', '안저 광응고술 [1/4 범위]'),
	('S5161', '안구내삽관레이저광응고술'),
	('S5162', '광역학요법을이용한망막하막제거술'),
	('S5163', '광역학요법을이용한망막하막제거술(동시에양안을시술한경우)'),
	('S5173', '사시수술(단순)-단일안근'),
	('S5174', '사시수술(단순)-복수안근'),
	('S5175', '사시수술(복잡[조정봉합술,후고정봉합술,외안근전이술등])-단일안근'),
	('S5176', '사시수술(복잡[조정봉합술,후고정봉합술,외안근전이술등])-복수안근'),
	('S5178', '안구진탕증수술'),
	('S5181', '안와감압술-2-Wall Decompression'),
	('S5182', '안와감압술-3-Wall Decompression'),
	('S5190', '안와농양절개술'),
	('S5200', '안와내용제거술'),
	('S5211', '안와골절정복술(관혈적)-Blow-out골절'),
	('S5212', '안와골절정복술(관혈적)-기타골절'),
	('S5220', '안구적출및조직충전술'),
	('S5231', '안와종양적출술-단순한것'),
	('S5232', '안와종양적출술-복잡 [크렌라인 수술]'),
	('S5245', '안검종양절제술-양성'),
	('S5246', '안검종양절제술-악성'),
	('S5260', '안검또는검판절제술'),
	('S5271', '안검외반증수술[점막또는피부의식피술료포함]-간단[피부에한하는것]'),
	('S5272', '안검외반증수술[점막또는피부의식피술료포함]-광범위[피부와피하,근육,검판등교정]'),
	('S5281', '안검내반증수술-간단[피부에한하는것]'),
	('S5282', '안검내반증수술-광범위[피부와피하,근육,검판등교정]'),
	('S5291', '안검하수증수술-근막수술'),
	('S5292', '안검하수증수술-근절제술'),
	('S5293', '안검하수증수술-기타수술'),
	('S5300', '외안각절개술'),
	('S5310', '결막낭재건술[의안삽입을위한것]'),
	('S5321', '결막낭성형술[점막또는피부의식피술료포함]-부분'),
	('S5322', '결막낭성형술[점막또는피부의식피술료포함]-전체'),
	('S5323', '결막낭성형술[점막또는피부의식피술료포함]-피부및결막성형등복잡한것'),
	('S5341', '익상편수술-판이식등복합수술'),
	('S5342', '익상편수술-기타의것'),
	('S5345', '검열반수술'),
	('S5350', '각막절제술'),
	('S5360', '내안각성형술'),
	('S5371', '각막이식-표층'),
	('S5372', '각막이식-전층'),
	('S5373', '각막윤부세포이식술[채취료포함]'),
	('S5380', '각막봉합술'),
	('S5390', '현미경하각막봉합사제거술'),
	('S5411', '안검연축교정술'),
	('S5422', '안검봉합술-전층'),
	('S5450', '검판봉합술'),
	('S5460', '누선절제술'),
	('S5480', '누소관성형술[누관내삽관포함]'),
	('S5490', '누낭절개술'),
	('S5495', '레이저누낭및비루관절개술'),
	('S5500', '누낭절제술'),
	('S5520', '누관튜브법'),
	('S5525', '내시경하 누관스텐트 삽입술'),
	('S5530', '선천성비루관폐색개방술'),
	('S5540', '누낭비강문합술'),
	('S5541', '결막누낭비강문합술'),
	('S5550', '선천성이루관적출술'),
	('S5581', '외이도폐쇄증수술-완전'),
	('S5582', '외이도폐쇄증수술-부분'),
	('S5591', '외이도종양적출술-양성'),
	('S5592', '외이도종양적출술-악성'),
	('S5620', '중이내튜브유치술'),
	('S5635', '고실개방술'),
	('S5640', '고실성형술[점막또는피부의식피술료포함]'),
	('S5651', '고막성형술'),
	('S5654', '현미경하고막팻치술'),
	('S5657', '현미경하중이청소술'),
	('S5671', '유양동절제술-공동폐쇄유양동절제술'),
	('S5672', '유양동절제술-공동개방유양동절제술'),
	('S5690', '등골수술[난원창개술포함]'),
	('S5695', '레이저등골절개술'),
	('S5711', '안면신경감압술-이과적접근 [유양동, 경미로]'),
	('S5712', '안면신경감압술-두개접근'),
	('S5713', '안면신경감압술-복합접근'),
	('S5720', '이후루공폐쇄술'),
	('S5731', '미로절제술-유양동경유'),
	('S5732', '미로절제술-고실경유'),
	('S5733', '미로절제술-약물주입이용한것'),
	('S5741', '청신경종양적출술-이과적접근[경미로,경와우,후미로등]'),
	('S5742', '청신경종양적출술-두개접근'),
	('S5743', '청신경종양적출술-복합접근'),
	('S5745', '중이암제거술[사구종포함]'),
	('S5750', '추체돌기개방술'),
	('S5770', '반고리관미로개창술'),
	('S5775', '반고리관폐쇄술'),
	('S5780', '내임파낭감압술'),
	('S5791', '이소골재건술'),
	('S5800', '인공와우이식술'),
	('SA023', '창상봉합술(안면또는경부,변연절제포함,제1범위,길이3cm이상또는근육에달하는것)'),
	('SA161', '유리피판술(피부또는근육)'),
	('SA162', '유리감각피판술(근육-신경)'),
	('SA163', '유리건-피부피판술(피부-건-신경또는피부-건)'),
	('SA164', '유리근육-피부피판술(피부-근육-신경또는피부-근육)'),
	('SA165', '유리대망이식술,유리공장이식술'),
	('SB023', '창상봉합술(안면과경부이외,단순봉합,제1범위,길이5.0cm이상또는근육에달하는것)'),
	('SB161', '국소피판술-안면부에대한수술'),
	('SB162', '원거리피판술(수부이외원거리-서혜부,복부,둔부,교차상지,교차하지등)-안면부에대한수술'),
	('SB163', '원거리피판술(수부내-교차수지피판, 무지구피판 등)-안면부에대한수술'),
	('SB164', '도서형피판술 -안면부에대한수술'),
	('SB165', '근피판술-안면부에대한수술'),
	('SB166', '근-피부피판술(안면부에대한수술)'),
	('SB167', '근막피판술-안면부에대한수술'),
	('SB168', '근막-피부피판술(안면부에대한수술)'),
	('SC023', '창상봉합술(안면과경부이외,변연절제포함,제1범위,길이5cm이상또는근육에달하는것)'),
	('SC161', '유리 피판술(피부 또는 근육)-안면부에대한수술'),
	('SC162', '유리 감각피판술(근육-신경)-안면부에대한수술'),
	('SC163', '유리 건-피부피판술(안면부에대한수술,피부-건-신경 또는 피부-건)'),
	('SC164', '유리 근육-피부 피판술(안면부에대한수술,피부-근육-신경 또는 피부-근육)'),
	('SC165', '유리대망이식술, 유리공장이식술 (안면부에대한수술)'),
	('SY621', '척수신경자극기설치술(관혈적)-신경근절개를하는경우'),
	('SY622', '척수신경자극기설치술(관혈적)-신경근절개를하지않는경우'),
	('SY623', '척수신경자극기설치술(경피적)'),
	('SY626', '천수신경조절술(영구자극기삽입술)'),
	('U4456', '구강내소염수술(설또는구강저농양[이하극,설하극,악하극농양등])'),
	('U4457', '구강내소염수술(악골골염,악골골수염등)'),
	('U4465', '구강외소염수술(심층,근막극농양절개)'),
	('U4467', '구강외소염수술(악골골염,악골골수염등)'),
	('U4476', '구강내열상봉합술(혀,구강저,구개부,2.5cm이하)'),
	('U4477', '구강내열상봉합술(혀,구강저,구개부,2.5cm초과)'),
	('U4512', '설소대성형술 (복잡한것)'),
	('U4520', '치성편도주위농양절개술'),
	('U4533', '악골수염수술(치조부에국한된경우)'),
	('U4534', '악골수염수술(편측악골의1/3미만의범위)'),
	('U4535', '악골수염수술(편측악골의1/3이상의범위)'),
	('U4551', '법랑아세포종적출술(편측악골1/3미만)'),
	('U4552', '법랑아세포종적출술(편측악골1/3이상-1/2미만)'),
	('U4553', '법랑아세포종적출술(편측악골1/2이상)'),
	('U4564', '치근낭적출술(3치관크기이상)'),
	('U4610', '구강안면누공폐쇄술'),
	('U4621', '구강상악동누공폐쇄술(전진피판이용)'),
	('U4622', '구강상악동누공폐쇄술(유경피판이용)'),
	('U4640', '하악골재건술'),
	('U4670', '치은.치조부병소또는종양절제술[Epulis포함]'),
	('U4721', '치조골골절관혈적정복술(2치이하)'),
	('U4722', '치조골골절관혈적정복술(3치이상)'),
	('U4732', '골융기절제술(구개골융기절제)'),
	('U4741', '관골골절정복수술(길리씨수술)[관골궁,관골체포함]'),
	('U4742', '관골골절관혈적정복수술[관골궁,관골체포함]'),
	('U4750', '부정유합된관골절골교정술'),
	('U4760', '관상돌기절제술'),
	('U4781', '상악골골절관혈적정복술(Lefort I)'),
	('U4782', '상악골골절관혈적정복술(Lefort II)'),
	('U4783', '상악골골절관혈적정복술(Lefort III)'),
	('U4784', '환관골궁현수고정술'),
	('U4785', '두개안면현수고정술'),
	('U4791', '상악골부분절제술'),
	('U4792', '상악골전적출술'),
	('U4801', '상악골(관골포함)양성종양(낭종포함)절제술-3cm미만'),
	('U4802', '상악골(관골포함)양성종양(낭종포함)절제술-3cm이상'),
	('U4811', '상악골(관골포함)악성종양부분절제술[림프절청소포함]'),
	('U4812', '상악골(관골포함)악성종양전적출술[림프절청소포함]'),
	('U4841', '하악골골절관혈적정복술(정중부,골체부,우각부)'),
	('U4842', '하악골골절관혈적정복술(하악과두부)'),
	('U4843', '환하악골결찰술'),
	('U4850', '부정유합된하악골절골교정술'),
	('U4861', '하악골부분절제술'),
	('U4862', '하악골반측절제술'),
	('U4871', '하악골양성종양(낭종포함)절제술(편측악골1/3미만)'),
	('U4872', '하악골양성종양(낭종포함)절제술(편측악골1/3이상～1/2미만)'),
	('U4873', '하악골양성종양(낭종포함)절제술(편측악골1/2이상)'),
	('U4881', '하악골악성종양변연절제술[림프절 청소 포함]'),
	('U4882', '하악골악성종양부분절제술[림프절 청소 포함]'),
	('U4883', '하악골악성종양반측절제술[림프절 청소 포함]'),
	('U4910', '악관절탈구관혈적정복술'),
	('U4930', '악관절원반성형술'),
	('U4940', '악관절성형수술'),
	('U4950', '악관절치환술[인공관절대치술]'),
	('U4960', '하악과두절제술'),
	('U4971', '악골내고정용금속제거술(악골내강선고정의제거)'),
	('U4972', '악골내고정용금속제거술(소형금속판의제거)'),
	('U4973', '악골내고정용금속제거술(재건용금속판의제거,악골1/2이상의크기에달한것)'),
	('U4974', '악골내고정용금속제거술(재건용금속판의제거,악골1/2미만의크기인것)'),
	('UY042', '상악골성형술(분절골절단술)'),
	('UY043', '상악골성형술(Le Fort Ⅰ)'),
	('UY044', '상악골성형술(Le Fort Ⅱ)'),
	('UY045', '상악골성형술(Le Fort Ⅲ)'),
	('UY046', '하악골성형술(분절골절단술)'),
	('UY047', '하악골성형술(이부성형술)'),
	('UY048', '하악골성형술(하악지골절단술)');
/*!40000 ALTER TABLE `go_surgery` ENABLE KEYS */;


-- 테이블 loverman85의 구조를 덤프합니다. go_surgery_result
CREATE TABLE IF NOT EXISTS `go_surgery_result` (
  `GO_SURGERY_RESULT_CODE` varchar(100) NOT NULL COMMENT '수술결과코드',
  `GO_TREAT_CODE` varchar(100) NOT NULL COMMENT '진료코드',
  `GO_SURGERY_CODE` varchar(100) NOT NULL COMMENT '수술코드',
  `GO_SURGERY_RESULT_REGISTRATION_DATE` datetime NOT NULL COMMENT '수술등록일자',
  `GO_SURGERY_RESULT_GO_REGISTRATION_DATE` datetime NOT NULL COMMENT '정부DB등록일자',
  PRIMARY KEY (`GO_SURGERY_RESULT_CODE`),
  KEY `FK_go_treat_TO_go_surgery_result` (`GO_TREAT_CODE`),
  KEY `FK_go_surgery_TO_go_surgery_result` (`GO_SURGERY_CODE`)
) ENGINE=MyISAM DEFAULT CHARSET=utf8 COMMENT='수술결과';

-- Dumping data for table loverman85.go_surgery_result: 1 rows
/*!40000 ALTER TABLE `go_surgery_result` DISABLE KEYS */;
/*!40000 ALTER TABLE `go_surgery_result` ENABLE KEYS */;


-- 테이블 loverman85의 구조를 덤프합니다. go_test_blood_result
CREATE TABLE IF NOT EXISTS `go_test_blood_result` (
  `GO_BLOOD_TEST_CODE` varchar(100) NOT NULL COMMENT '혈액검사코드',
  `GO_TREAT_CODE` varchar(100) NOT NULL COMMENT '진료코드',
  `GO_BLOOD_TEST_BLOOD_SUGAR` int(100) NOT NULL COMMENT '혈당',
  `GO_BLOOD_TEST_PLATELET` int(100) NOT NULL COMMENT '혈소판',
  `GO_BLOOD_TEST_FILE_PATH` varchar(1000) NOT NULL COMMENT '파일경로',
  `GO_BLOOD_TEST_FILE_NAME` varchar(1000) NOT NULL COMMENT '파일명',
  `GO_BLOOD_TEST_DATE` datetime NOT NULL COMMENT '검사일자',
  `GO_BLOOD_TEST_GO_REGISTRATION_DATE` datetime NOT NULL COMMENT '정부DB등록일자',
  PRIMARY KEY (`GO_BLOOD_TEST_CODE`),
  KEY `FK_go_treat_TO_go_blood_test` (`GO_TREAT_CODE`)
) ENGINE=MyISAM DEFAULT CHARSET=utf8 COMMENT='혈액검사결과';

-- Dumping data for table loverman85.go_test_blood_result: 1 rows
/*!40000 ALTER TABLE `go_test_blood_result` DISABLE KEYS */;
/*!40000 ALTER TABLE `go_test_blood_result` ENABLE KEYS */;


-- 테이블 loverman85의 구조를 덤프합니다. go_test_checkup_result
CREATE TABLE IF NOT EXISTS `go_test_checkup_result` (
  `GO_CHECKUP_RESULT_CODE` varchar(100) NOT NULL COMMENT '건강검진코드',
  `GO_TREAT_CODE` varchar(100) NOT NULL COMMENT '진료코드',
  `GO_CHECKUP_RESULT_FILE_PATH` varchar(100) NOT NULL COMMENT '파일경로',
  `GO_CHECKUP_RESULT_FILE_NAME` varchar(100) NOT NULL COMMENT '파일명',
  `GO_CHECKUP_RESULT_CHECKUP_DATE` datetime NOT NULL COMMENT '건강검진받은일자',
  `GO_CHECKUP_RESULT_REGISTRATION_DATE` datetime NOT NULL COMMENT '결과등록일자',
  `GO_CHECKUP_RESULT_GO_REGISTRATION_DATE` datetime NOT NULL COMMENT '정부DB등록일자',
  PRIMARY KEY (`GO_CHECKUP_RESULT_CODE`),
  KEY `FK_go_treat_TO_go_checkup_result` (`GO_TREAT_CODE`)
) ENGINE=MyISAM DEFAULT CHARSET=utf8 COMMENT='건강검진결과';

-- Dumping data for table loverman85.go_test_checkup_result: 0 rows
/*!40000 ALTER TABLE `go_test_checkup_result` DISABLE KEYS */;
/*!40000 ALTER TABLE `go_test_checkup_result` ENABLE KEYS */;


-- 테이블 loverman85의 구조를 덤프합니다. go_test_image_result
CREATE TABLE IF NOT EXISTS `go_test_image_result` (
  `GO_IMAGE_TEST_CODE` varchar(100) NOT NULL COMMENT '영상검사코드',
  `GO_TREAT_CODE` varchar(100) NOT NULL COMMENT '진료코드',
  `GO_IMAGE_TEST_FILE_PATH` varchar(100) NOT NULL COMMENT '파일경로',
  `GO_IMAGE_TEST_FILE_NAME` varchar(100) NOT NULL COMMENT '파일명',
  `GO_IMAGE_TEST_DATE` datetime NOT NULL COMMENT '검사일자',
  `GO_IMAGE_TEST_GO_REGISTRATION_DATE` datetime NOT NULL COMMENT '정부DB등록일자',
  PRIMARY KEY (`GO_IMAGE_TEST_CODE`),
  KEY `FK_go_treat_TO_go_image_test` (`GO_TREAT_CODE`)
) ENGINE=MyISAM DEFAULT CHARSET=utf8 COMMENT='영상검사결과';

-- Dumping data for table loverman85.go_test_image_result: 1 rows
/*!40000 ALTER TABLE `go_test_image_result` DISABLE KEYS */;
/*!40000 ALTER TABLE `go_test_image_result` ENABLE KEYS */;


-- 테이블 loverman85의 구조를 덤프합니다. go_treat
CREATE TABLE IF NOT EXISTS `go_treat` (
  `GO_TREAT_CODE` varchar(100) NOT NULL COMMENT '진료코드',
  `GO_HOSPITAL_ID` varchar(100) NOT NULL COMMENT '병원ID',
  `GO_CITIZEN_ID` varchar(14) NOT NULL COMMENT '국민ID',
  `GO_DOCTOR_ID` varchar(10) NOT NULL COMMENT '의사ID',
  `GO_TREAT_SUBJECT_CODE` varchar(10) NOT NULL COMMENT '진료과목코드',
  `GO_CHART_CODE` varchar(30) NOT NULL COMMENT '차트코드',
  `GO_TREAT_CONTENTS` varchar(20000) NOT NULL COMMENT '진료내용',
  `GO_TREAT_REGISTRATION_DATE` datetime NOT NULL COMMENT '진료등록일자',
  `GO_TREAT_GO_REGISTRATION_DATE` datetime NOT NULL COMMENT '정부DB등록일자',
  PRIMARY KEY (`GO_TREAT_CODE`)
) ENGINE=MyISAM DEFAULT CHARSET=utf8 COMMENT='진료';

-- Dumping data for table loverman85.go_treat: 2 rows
/*!40000 ALTER TABLE `go_treat` DISABLE KEYS */;
/*!40000 ALTER TABLE `go_treat` ENABLE KEYS */;


-- 테이블 loverman85의 구조를 덤프합니다. go_treat_subject
CREATE TABLE IF NOT EXISTS `go_treat_subject` (
  `GO_TREAT_SUBJECT_CODE` varchar(10) NOT NULL COMMENT '진료과목코드',
  `GO_TREAT_SUBJECT_NAME` varchar(50) NOT NULL COMMENT '진료과목명',
  PRIMARY KEY (`GO_TREAT_SUBJECT_CODE`)
) ENGINE=MyISAM DEFAULT CHARSET=utf8 COMMENT='진료과목';

-- Dumping data for table loverman85.go_treat_subject: 52 rows
/*!40000 ALTER TABLE `go_treat_subject` DISABLE KEYS */;
INSERT INTO `go_treat_subject` (`GO_TREAT_SUBJECT_CODE`, `GO_TREAT_SUBJECT_NAME`) VALUES
	('0', '일반의'),
	('1', '내과'),
	('2', '신경과'),
	('3', '정신건강의학과'),
	('4', '외과'),
	('5', '정형외과'),
	('6', '신경외과'),
	('7', '흉부외과'),
	('8', '성형외과'),
	('9', '마취통증의학과'),
	('10', '산부인과'),
	('11', '소아청소년과'),
	('12', '안과'),
	('13', '이비인후과'),
	('14', '피부과'),
	('15', '비뇨기과'),
	('16', '영상의학과'),
	('17', '방사선종양학과'),
	('18', '병리과'),
	('19', '진단검사의학과'),
	('20', '결핵과'),
	('21', '재활의학과'),
	('22', '핵의학과'),
	('23', '가정의학과'),
	('24', '응급의학과'),
	('25', '직업환경의학과'),
	('26', '예방의학과'),
	('49', '치과'),
	('50', '구강악안면외과'),
	('51', '치과보철과'),
	('52', '치과교정과'),
	('53', '소아치과'),
	('54', '치주과'),
	('55', '치과보존과'),
	('56', '구강내과'),
	('57', '영상치의학과'),
	('58', '구강병리과'),
	('59', '예방치과'),
	('60', '치과소계'),
	('80', '한방내과'),
	('81', '한방부인과'),
	('82', '한방소아과'),
	('83', '한방안·이비인후·피부과'),
	('84', '한방신경정신과'),
	('85', '침구과'),
	('86', '한방재활의학과'),
	('87', '사상체질과'),
	('88', '한방응급'),
	('90', '한방소계'),
	('99', '해당사항없음'),
	('101', '예방접종'),
	('102', '건강검진');
/*!40000 ALTER TABLE `go_treat_subject` ENABLE KEYS */;


-- 테이블 loverman85의 구조를 덤프합니다. go_vaccination
CREATE TABLE IF NOT EXISTS `go_vaccination` (
  `GO_VACCINATION_CODE` varchar(20) NOT NULL COMMENT '예방접종종류코드',
  `GO_VACCINATION_NAME` varchar(50) NOT NULL COMMENT '예방접종명',
  `GO_VACCINATION_DEGREE` int(11) NOT NULL COMMENT '예방접종 최종차수',
  PRIMARY KEY (`GO_VACCINATION_CODE`)
) ENGINE=MyISAM DEFAULT CHARSET=utf8 COMMENT='예방접종종류';

-- Dumping data for table loverman85.go_vaccination: 15 rows
/*!40000 ALTER TABLE `go_vaccination` DISABLE KEYS */;
INSERT INTO `go_vaccination` (`GO_VACCINATION_CODE`, `GO_VACCINATION_NAME`, `GO_VACCINATION_DEGREE`) VALUES
	('vacination_1', '결핵', 1),
	('vacination_2', 'B형간염', 3),
	('vacination_3', '디프테리아파상풍,백일해', 6),
	('vacination_4', '폴리오', 4),
	('vacination_5', 'B형헤모필루스인플루엔자', 4),
	('vacination_6', '페렴구균', 5),
	('vacination_7', '홍역', 2),
	('vacination_8', '수두', 1),
	('vacination_9', '일본뇌염(생백신)', 2),
	('vacination_10', '인플루엔자(생백신)', 1),
	('vacination_11', '장티푸스', 1),
	('vacination_12', '결핵', 1),
	('vacination_13', '로타바이러스', 2),
	('vacination_14', 'A형간염', 2),
	('vacination_15', '인유두종바이러스', 3);
/*!40000 ALTER TABLE `go_vaccination` ENABLE KEYS */;


-- 테이블 loverman85의 구조를 덤프합니다. go_vaccination_result
CREATE TABLE IF NOT EXISTS `go_vaccination_result` (
  `GO_VACCINATION_RESULT_CODE` varchar(100) NOT NULL COMMENT '예방접종결과코드',
  `GO_TREAT_CODE` varchar(100) NOT NULL COMMENT '진료코드',
  `GO_VACCINATION_CODE` varchar(100) NOT NULL COMMENT '예방접종종류코드',
  `GO_VACCINATION_RESULT_DEGREE` int(11) NOT NULL COMMENT '예방접종 현재차수',
  `GO_VACCINATION_RESULT_REGISTRATION_DATE` datetime NOT NULL COMMENT '예방접종등록일',
  `GO_VACCINATION_RESULT_GO_REGISTRATION_DATE` datetime NOT NULL COMMENT '정부DB등록일자',
  PRIMARY KEY (`GO_VACCINATION_RESULT_CODE`),
  KEY `FK_go_treat_TO_go_vaccination_result` (`GO_TREAT_CODE`),
  KEY `FK_go_vaccination_TO_go_vaccination_result` (`GO_VACCINATION_CODE`)
) ENGINE=MyISAM DEFAULT CHARSET=utf8 COMMENT='예방접종결과';

-- Dumping data for table loverman85.go_vaccination_result: 1 rows
/*!40000 ALTER TABLE `go_vaccination_result` DISABLE KEYS */;
/*!40000 ALTER TABLE `go_vaccination_result` ENABLE KEYS */;
/*!40101 SET SQL_MODE=IFNULL(@OLD_SQL_MODE, '') */;
/*!40014 SET FOREIGN_KEY_CHECKS=IF(@OLD_FOREIGN_KEY_CHECKS IS NULL, 1, @OLD_FOREIGN_KEY_CHECKS) */;
/*!40101 SET CHARACTER_SET_CLIENT=@OLD_CHARACTER_SET_CLIENT */;
